"Time","power consumption"
2022-09-05 20:04:45,15.9
2022-09-05 20:04:50,15.9
2022-09-05 20:04:55,16.5
2022-09-05 20:05:00,16.5
2022-09-05 20:05:05,16.5
2022-09-05 20:05:10,16.5
2022-09-05 20:05:15,15.5
2022-09-05 20:05:20,15.5
2022-09-05 20:05:25,15.5
2022-09-05 20:05:30,15.5
2022-09-05 20:05:35,29.6
2022-09-05 20:05:40,29.6
2022-09-05 20:05:45,29.6
2022-09-05 20:05:50,29.6
2022-09-05 20:05:55,25.9
2022-09-05 20:06:00,25.9
2022-09-05 20:06:05,25.9
2022-09-05 20:06:10,25.9
2022-09-05 20:06:15,25.1
2022-09-05 20:06:20,25.1
2022-09-05 20:06:25,25.1
2022-09-05 20:06:30,25.1
2022-09-05 20:06:35,25.4
2022-09-05 20:06:40,25.4
2022-09-05 20:06:45,25.4
2022-09-05 20:06:50,25.4
2022-09-05 20:06:55,29.3
2022-09-05 20:07:00,29.3
2022-09-05 20:07:05,30.5
2022-09-05 20:07:10,30.5
2022-09-05 20:07:15,26.2
2022-09-05 20:07:20,26.2
2022-09-05 20:07:25,26.2
2022-09-05 20:07:30,26.2
2022-09-05 20:07:35,29.0
2022-09-05 20:07:40,29.0
2022-09-05 20:07:45,29.0
2022-09-05 20:07:50,29.0
2022-09-05 20:07:55,30.0
2022-09-05 20:08:00,30.0
2022-09-05 20:08:05,30.0
2022-09-05 20:08:10,30.0
2022-09-05 20:08:15,29.9
2022-09-05 20:08:20,30.0
2022-09-05 20:08:25,30.0
2022-09-05 20:08:30,30.0
2022-09-05 20:08:35,27.6
2022-09-05 20:08:40,27.6
2022-09-05 20:08:45,27.6
2022-09-05 20:08:50,27.6
2022-09-05 20:08:55,27.5
2022-09-05 20:09:00,27.5
2022-09-05 20:09:05,27.5
2022-09-05 20:09:10,27.5
2022-09-05 20:09:15,29.6
2022-09-05 20:09:20,29.6
2022-09-05 20:09:25,29.6
2022-09-05 20:09:30,29.6
2022-09-05 20:09:35,29.2
2022-09-05 20:09:40,29.2
2022-09-05 20:09:45,29.5
2022-09-05 20:09:50,29.5
2022-09-05 20:09:55,29.5
2022-09-05 20:10:00,29.5
2022-09-05 20:10:05,29.5
2022-09-05 20:10:10,29.5
2022-09-05 20:10:15,29.1
2022-09-05 20:10:20,29.1
2022-09-05 20:10:25,29.1
2022-09-05 20:10:30,29.1
2022-09-05 20:10:35,29.8
2022-09-05 20:10:40,29.8
2022-09-05 20:10:45,29.8
2022-09-05 20:10:50,29.8
2022-09-05 20:10:55,31.1
2022-09-05 20:11:00,31.1
2022-09-05 20:11:05,31.1
2022-09-05 20:11:10,31.1
2022-09-05 20:11:15,32.1
2022-09-05 20:11:20,32.1
2022-09-05 20:11:25,32.1
2022-09-05 20:11:30,32.1
2022-09-05 20:11:35,31.4
2022-09-05 20:11:40,31.4
2022-09-05 20:11:45,31.4
2022-09-05 20:11:50,31.4
2022-09-05 20:11:55,12.5
2022-09-05 20:12:00,12.5
2022-09-05 20:12:05,12.5
2022-09-05 20:12:10,12.5
2022-09-05 20:12:15,15.4
2022-09-05 20:12:20,15.4
2022-09-05 20:12:25,15.4
2022-09-05 20:12:30,15.4
2022-09-05 20:12:35,15.2
2022-09-05 20:12:40,15.2
2022-09-05 20:12:45,15.2
2022-09-05 20:12:50,15.2
2022-09-05 20:12:55,15.6
2022-09-05 20:13:00,15.6
2022-09-05 20:13:05,15.6
2022-09-05 20:13:10,15.6
2022-09-05 20:13:15,11.8
2022-09-05 20:13:20,11.8
2022-09-05 20:13:25,11.8
2022-09-05 20:13:30,11.8
2022-09-05 20:13:35,28.5
2022-09-05 20:13:40,28.5
2022-09-05 20:13:45,28.5
2022-09-05 20:13:50,28.5
2022-09-05 20:13:55,29.4
2022-09-05 20:14:00,29.4
2022-09-05 20:14:05,29.4
2022-09-05 20:14:10,29.4
2022-09-05 20:14:15,28.9
2022-09-05 20:14:20,28.9
2022-09-05 20:14:25,28.9
2022-09-05 20:14:30,28.9
2022-09-05 20:14:35,28.8
2022-09-05 20:14:40,28.8
2022-09-05 20:14:45,28.8
2022-09-05 20:14:50,28.8
2022-09-05 20:14:55,35.2
2022-09-05 20:15:00,35.2
2022-09-05 20:15:05,35.1
2022-09-05 20:15:10,35.1
2022-09-05 20:15:15,35.2
2022-09-05 20:15:20,35.2
2022-09-05 20:15:25,35.2
2022-09-05 20:15:30,35.2
2022-09-05 20:15:35,35.7
2022-09-05 20:15:40,35.7
2022-09-05 20:15:45,35.7
2022-09-05 20:15:50,35.7
2022-09-05 20:15:55,35.8
2022-09-05 20:16:00,35.8
2022-09-05 20:16:05,35.8
2022-09-05 20:16:10,35.8
2022-09-05 20:16:15,30.6
2022-09-05 20:16:20,30.6
2022-09-05 20:16:25,30.6
2022-09-05 20:16:30,30.6
2022-09-05 20:16:35,30.5
2022-09-05 20:16:40,30.5
2022-09-05 20:16:45,30.5
2022-09-05 20:16:50,30.5
2022-09-05 20:16:55,30.7
2022-09-05 20:17:00,30.7
2022-09-05 20:17:05,30.7
2022-09-05 20:17:10,30.7
2022-09-05 20:17:15,35.8
2022-09-05 20:17:20,35.8
2022-09-05 20:17:25,35.8
2022-09-05 20:17:30,35.8
2022-09-05 20:17:35,35.5
2022-09-05 20:17:40,35.5
2022-09-05 20:17:45,35.5
2022-09-05 20:17:50,35.5
2022-09-05 20:17:55,27.1
2022-09-05 20:18:00,27.1
2022-09-05 20:18:05,27.1
2022-09-05 20:18:10,27.1
2022-09-05 20:18:15,28.9
2022-09-05 20:18:20,28.9
2022-09-05 20:18:25,28.9
2022-09-05 20:18:30,28.9
2022-09-05 20:18:35,37.5
2022-09-05 20:18:40,37.5
2022-09-05 20:18:45,37.5
2022-09-05 20:18:50,37.5
2022-09-05 20:18:55,37.0
2022-09-05 20:19:00,37.0
2022-09-05 20:19:05,37.0
2022-09-05 20:19:10,37.0
2022-09-05 20:19:15,34.1
2022-09-05 20:19:20,34.1
2022-09-05 20:19:25,34.1
2022-09-05 20:19:30,34.1
2022-09-05 20:19:35,35.1
2022-09-05 20:19:40,35.1
2022-09-05 20:19:45,35.2
2022-09-05 20:19:50,35.2
2022-09-05 20:19:55,11.0
2022-09-05 20:20:00,11.0
2022-09-05 20:20:05,11.0
2022-09-05 20:20:10,11.0
2022-09-05 20:20:15,10.8
2022-09-05 20:20:20,10.8
2022-09-05 20:20:25,10.8
2022-09-05 20:20:30,10.8
2022-09-05 20:20:35,10.7
2022-09-05 20:20:40,10.7
2022-09-05 20:20:45,10.7
2022-09-05 20:20:50,10.7
2022-09-05 20:20:55,10.2
2022-09-05 20:21:00,10.2
2022-09-05 20:21:05,10.2
2022-09-05 20:21:10,10.2
2022-09-05 20:21:15,10.4
2022-09-05 20:21:20,10.4
2022-09-05 20:21:25,10.4
2022-09-05 20:21:30,10.4
2022-09-05 20:21:35,30.5
2022-09-05 20:21:40,30.5
2022-09-05 20:21:45,30.5
2022-09-05 20:21:50,30.5
2022-09-05 20:21:55,30.7
2022-09-05 20:22:00,30.7
2022-09-05 20:22:05,30.7
2022-09-05 20:22:10,30.7
2022-09-05 20:22:15,32.2
2022-09-05 20:22:20,32.2
2022-09-05 20:22:25,32.2
2022-09-05 20:22:30,32.2
2022-09-05 20:22:35,32.1
2022-09-05 20:22:40,32.1
2022-09-05 20:22:45,32.1
2022-09-05 20:22:50,32.1
2022-09-05 20:22:55,39.1
2022-09-05 20:23:00,39.1
2022-09-05 20:23:05,39.1
2022-09-05 20:23:10,39.1
2022-09-05 20:23:15,37.8
2022-09-05 20:23:20,37.8
2022-09-05 20:23:25,37.8
2022-09-05 20:23:30,37.8
2022-09-05 20:23:35,41.8
2022-09-05 20:23:40,41.8
2022-09-05 20:23:45,41.8
2022-09-05 20:23:50,41.8
2022-09-05 20:23:55,41.8
2022-09-05 20:24:00,41.8
2022-09-05 20:24:05,42.7
2022-09-05 20:24:10,42.7
2022-09-05 20:24:15,34.3
2022-09-05 20:24:20,34.3
2022-09-05 20:24:25,34.3
2022-09-05 20:24:30,34.3
2022-09-05 20:24:35,34.2
2022-09-05 20:24:40,34.2
2022-09-05 20:24:45,34.2
2022-09-05 20:24:50,34.2
2022-09-05 20:24:55,39.3
2022-09-05 20:25:00,39.3
2022-09-05 20:25:05,39.3
2022-09-05 20:25:10,39.3
2022-09-05 20:25:15,38.5
2022-09-05 20:25:20,38.5
2022-09-05 20:25:25,38.5
2022-09-05 20:25:30,38.5
2022-09-05 20:25:35,22.6
2022-09-05 20:25:40,22.6
2022-09-05 20:25:45,22.6
2022-09-05 20:25:50,22.6
2022-09-05 20:25:55,23.6
2022-09-05 20:26:00,23.6
2022-09-05 20:26:05,23.6
2022-09-05 20:26:10,23.6
2022-09-05 20:26:15,41.8
2022-09-05 20:26:20,41.8
2022-09-05 20:26:25,41.8
2022-09-05 20:26:30,41.8
2022-09-05 20:26:35,37.2
2022-09-05 20:26:40,37.2
2022-09-05 20:26:45,37.2
2022-09-05 20:26:50,37.2
2022-09-05 20:26:55,32.7
2022-09-05 20:27:00,32.7
2022-09-05 20:27:05,32.7
2022-09-05 20:27:10,32.7
2022-09-05 20:27:15,39.7
2022-09-05 20:27:20,39.7
2022-09-05 20:27:25,39.7
2022-09-05 20:27:30,39.7
2022-09-05 20:27:35,38.9
2022-09-05 20:27:40,38.9
2022-09-05 20:27:45,38.9
2022-09-05 20:27:50,38.9
2022-09-05 20:27:55,9.8
2022-09-05 20:28:00,9.8
2022-09-05 20:28:05,9.8
2022-09-05 20:28:10,9.8
2022-09-05 20:28:15,12.0
2022-09-05 20:28:20,12.0
2022-09-05 20:28:25,12.0
2022-09-05 20:28:30,12.0
2022-09-05 20:28:35,12.0
2022-09-05 20:28:40,12.0
2022-09-05 20:28:45,12.0
2022-09-05 20:28:50,12.0
2022-09-05 20:28:55,12.1
2022-09-05 20:29:00,12.1
2022-09-05 20:29:05,12.1
2022-09-05 20:29:10,12.1
2022-09-05 20:29:15,32.9
2022-09-05 20:29:20,32.9
2022-09-05 20:29:25,32.9
2022-09-05 20:29:30,32.9
2022-09-05 20:29:35,32.6
2022-09-05 20:29:40,32.6
2022-09-05 20:29:45,32.6
2022-09-05 20:29:50,32.6
2022-09-05 20:29:55,29.6
2022-09-05 20:30:00,29.6
2022-09-05 20:30:05,29.6
2022-09-05 20:30:10,29.6
2022-09-05 20:30:15,29.4
2022-09-05 20:30:20,29.4
2022-09-05 20:30:25,29.4
2022-09-05 20:30:30,29.4
2022-09-05 20:30:35,33.1
2022-09-05 20:30:40,33.1
2022-09-05 20:30:45,33.1
2022-09-05 20:30:50,33.1
2022-09-05 20:30:55,33.2
2022-09-05 20:31:00,33.2
2022-09-05 20:31:05,33.2
2022-09-05 20:31:10,33.2
2022-09-05 20:31:15,34.0
2022-09-05 20:31:20,34.0
2022-09-05 20:31:25,33.7
2022-09-05 20:31:30,33.7
2022-09-05 20:31:35,43.8
2022-09-05 20:31:40,43.8
2022-09-05 20:31:45,43.8
2022-09-05 20:31:50,43.8
2022-09-05 20:31:55,44.0
2022-09-05 20:32:00,44.0
2022-09-05 20:32:05,44.0
2022-09-05 20:32:10,44.0
2022-09-05 20:32:15,40.0
2022-09-05 20:32:20,40.0
2022-09-05 20:32:25,40.0
2022-09-05 20:32:30,40.0
2022-09-05 20:32:35,40.2
2022-09-05 20:32:40,40.2
2022-09-05 20:32:45,40.2
2022-09-05 20:32:50,40.2
2022-09-05 20:32:55,38.1
2022-09-05 20:33:00,38.1
2022-09-05 20:33:05,38.1
2022-09-05 20:33:10,38.1
2022-09-05 20:33:15,40.3
2022-09-05 20:33:20,40.3
2022-09-05 20:33:25,40.3
2022-09-05 20:33:30,40.3
2022-09-05 20:33:35,22.0
2022-09-05 20:33:40,22.0
2022-09-05 20:33:45,22.0
2022-09-05 20:33:50,22.0
2022-09-05 20:33:55,22.7
2022-09-05 20:34:00,22.7
2022-09-05 20:34:05,22.7
2022-09-05 20:34:10,22.7
2022-09-05 20:34:15,40.3
2022-09-05 20:34:20,40.3
2022-09-05 20:34:25,40.3
2022-09-05 20:34:30,40.3
2022-09-05 20:34:35,40.9
2022-09-05 20:34:40,40.9
2022-09-05 20:34:45,40.9
2022-09-05 20:34:50,40.9
2022-09-05 20:34:55,40.6
2022-09-05 20:35:00,40.6
2022-09-05 20:35:05,40.6
2022-09-05 20:35:10,40.6
2022-09-05 20:35:15,39.5
2022-09-05 20:35:20,39.5
2022-09-05 20:35:25,39.5
2022-09-05 20:35:30,39.5
2022-09-05 20:35:35,6.9
2022-09-05 20:35:40,6.9
2022-09-05 20:35:45,6.9
2022-09-05 20:35:50,6.9
2022-09-05 20:35:55,5.8
2022-09-05 20:36:00,5.8
2022-09-05 20:36:05,5.8
2022-09-05 20:36:10,5.8
2022-09-05 20:36:15,5.2
2022-09-05 20:36:20,5.2
2022-09-05 20:36:25,5.2
2022-09-05 20:36:30,5.2
2022-09-05 20:36:35,5.2
2022-09-05 20:36:40,5.2
2022-09-05 20:36:45,5.2
2022-09-05 20:36:50,5.2
2022-09-05 20:36:55,5.2
2022-09-05 20:37:00,5.2
2022-09-05 20:37:05,5.2
2022-09-05 20:37:10,5.2
2022-09-05 20:37:15,32.6
2022-09-05 20:37:20,32.6
2022-09-05 20:37:25,32.6
2022-09-05 20:37:30,32.6
2022-09-05 20:37:35,32.7
2022-09-05 20:37:40,32.7
2022-09-05 20:37:45,32.7
2022-09-05 20:37:50,32.7
2022-09-05 20:37:55,32.8
2022-09-05 20:38:00,32.8
2022-09-05 20:38:05,32.8
2022-09-05 20:38:10,32.8
2022-09-05 20:38:15,34.0
2022-09-05 20:38:20,34.0
2022-09-05 20:38:25,34.0
2022-09-05 20:38:30,34.0
2022-09-05 20:38:35,37.1
2022-09-05 20:38:40,37.1
2022-09-05 20:38:45,37.1
2022-09-05 20:38:50,37.1
2022-09-05 20:38:55,37.1
2022-09-05 20:39:00,37.1
2022-09-05 20:39:05,37.1
2022-09-05 20:39:10,37.1
2022-09-05 20:39:15,50.7
2022-09-05 20:39:20,50.7
2022-09-05 20:39:25,50.7
2022-09-05 20:39:30,50.7
2022-09-05 20:39:35,47.2
2022-09-05 20:39:40,47.2
2022-09-05 20:39:45,47.2
2022-09-05 20:39:50,47.2
2022-09-05 20:39:55,37.1
2022-09-05 20:40:00,37.1
2022-09-05 20:40:05,37.1
2022-09-05 20:40:10,37.1
2022-09-05 20:40:15,39.2
2022-09-05 20:40:20,39.2
2022-09-05 20:40:25,39.2
2022-09-05 20:40:30,39.2
2022-09-05 20:40:35,39.4
2022-09-05 20:40:40,39.4
2022-09-05 20:40:45,39.4
2022-09-05 20:40:50,39.4
2022-09-05 20:40:55,36.0
2022-09-05 20:41:00,36.0
2022-09-05 20:41:05,36.0
2022-09-05 20:41:10,36.0
2022-09-05 20:41:15,41.2
2022-09-05 20:41:20,41.2
2022-09-05 20:41:25,41.2
2022-09-05 20:41:30,41.2
2022-09-05 20:41:35,18.0
2022-09-05 20:41:40,18.0
2022-09-05 20:41:45,18.0
2022-09-05 20:41:50,18.0
2022-09-05 20:41:55,21.8
2022-09-05 20:42:00,21.8
2022-09-05 20:42:05,21.8
2022-09-05 20:42:10,21.8
2022-09-05 20:42:15,43.2
2022-09-05 20:42:20,43.2
2022-09-05 20:42:25,43.2
2022-09-05 20:42:30,43.2
2022-09-05 20:42:35,42.5
2022-09-05 20:42:40,42.5
2022-09-05 20:42:45,42.5
2022-09-05 20:42:50,42.5
2022-09-05 20:42:55,43.7
2022-09-05 20:43:00,43.7
2022-09-05 20:43:05,43.7
2022-09-05 20:43:10,43.7
2022-09-05 20:43:15,41.1
2022-09-05 20:43:20,41.1
2022-09-05 20:43:25,41.1
2022-09-05 20:43:30,41.1
2022-09-05 20:43:35,5.9
2022-09-05 20:43:40,5.9
2022-09-05 20:43:45,5.9
2022-09-05 20:43:50,5.9
2022-09-05 20:43:55,5.9
2022-09-05 20:44:00,5.9
2022-09-05 20:44:05,5.9
2022-09-05 20:44:10,5.9
2022-09-05 20:44:15,5.5
2022-09-05 20:44:20,5.5
2022-09-05 20:44:25,5.5
2022-09-05 20:44:30,5.5
2022-09-05 20:44:35,5.3
2022-09-05 20:44:40,5.3
2022-09-05 20:44:45,5.3
2022-09-05 20:44:50,5.3
2022-09-05 20:44:55,20.8
2022-09-05 20:45:00,20.8
2022-09-05 20:45:05,20.8
2022-09-05 20:45:10,20.8
2022-09-05 20:45:15,35.4
2022-09-05 20:45:20,35.4
2022-09-05 20:45:25,35.4
2022-09-05 20:45:30,35.4
2022-09-05 20:45:35,35.9
2022-09-05 20:45:40,35.9
2022-09-05 20:45:45,35.9
2022-09-05 20:45:50,35.9
2022-09-05 20:45:55,36.7
2022-09-05 20:46:00,36.7
2022-09-05 20:46:05,36.7
2022-09-05 20:46:10,36.7
2022-09-05 20:46:15,36.1
2022-09-05 20:46:20,36.1
2022-09-05 20:46:25,36.1
2022-09-05 20:46:30,36.1
2022-09-05 20:46:35,37.7
2022-09-05 20:46:40,37.7
2022-09-05 20:46:45,37.7
2022-09-05 20:46:50,37.7
2022-09-05 20:46:55,37.8
2022-09-05 20:47:00,37.8
2022-09-05 20:47:05,37.8
2022-09-05 20:47:10,37.8
2022-09-05 20:47:15,52.9
2022-09-05 20:47:20,52.9
2022-09-05 20:47:25,52.8
2022-09-05 20:47:30,52.8
2022-09-05 20:47:35,50.5
2022-09-05 20:47:40,50.5
2022-09-05 20:47:45,50.5
2022-09-05 20:47:50,50.5
2022-09-05 20:47:55,44.0
2022-09-05 20:48:00,44.0
2022-09-05 20:48:05,44.0
2022-09-05 20:48:10,44.0
2022-09-05 20:48:15,44.9
2022-09-05 20:48:20,44.9
2022-09-05 20:48:25,44.9
2022-09-05 20:48:30,44.9
2022-09-05 20:48:35,43.5
2022-09-05 20:48:40,43.5
2022-09-05 20:48:45,43.5
2022-09-05 20:48:50,43.5
2022-09-05 20:48:55,43.1
2022-09-05 20:49:00,43.1
2022-09-05 20:49:05,43.1
2022-09-05 20:49:10,43.1
2022-09-05 20:49:15,18.4
2022-09-05 20:49:20,18.4
2022-09-05 20:49:25,19.7
2022-09-05 20:49:30,19.7
2022-09-05 20:49:35,18.2
2022-09-05 20:49:40,18.2
2022-09-05 20:49:45,18.2
2022-09-05 20:49:50,18.2
2022-09-05 20:49:55,47.8
2022-09-05 20:50:00,47.8
2022-09-05 20:50:05,47.8
2022-09-05 20:50:10,47.8
2022-09-05 20:50:15,43.9
2022-09-05 20:50:20,43.9
2022-09-05 20:50:25,43.9
2022-09-05 20:50:30,43.9
2022-09-05 20:50:35,44.4
2022-09-05 20:50:40,44.4
2022-09-05 20:50:45,44.4
2022-09-05 20:50:50,44.4
2022-09-05 20:50:55,40.6
2022-09-05 20:51:00,40.6
2022-09-05 20:51:05,40.6
2022-09-05 20:51:10,40.6
2022-09-05 20:51:15,42.1
2022-09-05 20:51:20,42.1
2022-09-05 20:51:25,42.1
2022-09-05 20:51:30,42.1
2022-09-05 20:51:35,6.1
2022-09-05 20:51:40,6.1
2022-09-05 20:51:45,6.1
2022-09-05 20:51:50,6.1
2022-09-05 20:51:55,5.7
2022-09-05 20:52:00,5.7
2022-09-05 20:52:05,5.7
2022-09-05 20:52:10,5.7
2022-09-05 20:52:15,5.4
2022-09-05 20:52:20,5.4
2022-09-05 20:52:25,5.4
2022-09-05 20:52:30,5.4
2022-09-05 20:52:35,5.3
2022-09-05 20:52:40,5.3
2022-09-05 20:52:45,5.3
2022-09-05 20:52:50,5.3
2022-09-05 20:52:55,38.7
2022-09-05 20:53:00,38.7
2022-09-05 20:53:05,38.7
2022-09-05 20:53:10,38.7
2022-09-05 20:53:15,38.7
2022-09-05 20:53:20,38.7
2022-09-05 20:53:25,38.7
2022-09-05 20:53:30,38.7
2022-09-05 20:53:35,39.0
2022-09-05 20:53:40,39.0
2022-09-05 20:53:45,39.0
2022-09-05 20:53:50,39.0
2022-09-05 20:53:55,39.0
2022-09-05 20:54:00,39.0
2022-09-05 20:54:05,39.0
2022-09-05 20:54:10,39.0
2022-09-05 20:54:15,39.7
2022-09-05 20:54:20,39.7
2022-09-05 20:54:25,39.7
2022-09-05 20:54:30,39.7
2022-09-05 20:54:35,43.9
2022-09-05 20:54:40,43.9
2022-09-05 20:54:45,43.9
2022-09-05 20:54:50,43.9
2022-09-05 20:54:55,40.8
2022-09-05 20:55:00,40.8
2022-09-05 20:55:05,40.8
2022-09-05 20:55:10,40.8
2022-09-05 20:55:15,55.2
2022-09-05 20:55:20,55.2
2022-09-05 20:55:25,55.2
2022-09-05 20:55:30,55.2
2022-09-05 20:55:35,53.3
2022-09-05 20:55:40,53.3
2022-09-05 20:55:45,53.3
2022-09-05 20:55:50,53.3
2022-09-05 20:55:55,46.2
2022-09-05 20:56:00,46.2
2022-09-05 20:56:05,46.2
2022-09-05 20:56:10,46.2
2022-09-05 20:56:15,45.0
2022-09-05 20:56:20,45.0
2022-09-05 20:56:25,45.0
2022-09-05 20:56:30,45.0
2022-09-05 20:56:35,45.2
2022-09-05 20:56:40,45.2
2022-09-05 20:56:45,45.2
2022-09-05 20:56:50,45.2
2022-09-05 20:56:55,44.9
2022-09-05 20:57:00,44.9
2022-09-05 20:57:05,44.9
2022-09-05 20:57:10,44.9
2022-09-05 20:57:15,23.2
2022-09-05 20:57:20,23.2
2022-09-05 20:57:25,23.2
2022-09-05 20:57:30,23.2
2022-09-05 20:57:35,23.3
2022-09-05 20:57:40,23.3
2022-09-05 20:57:45,23.3
2022-09-05 20:57:50,23.3
2022-09-05 20:57:55,50.5
2022-09-05 20:58:00,50.5
2022-09-05 20:58:05,50.5
2022-09-05 20:58:10,50.5
2022-09-05 20:58:15,47.6
2022-09-05 20:58:20,47.6
2022-09-05 20:58:25,47.6
2022-09-05 20:58:30,47.6
2022-09-05 20:58:35,44.7
2022-09-05 20:58:40,44.7
2022-09-05 20:58:45,44.7
2022-09-05 20:58:50,44.7
2022-09-05 20:58:55,44.0
2022-09-05 20:59:00,44.0
2022-09-05 20:59:05,44.0
2022-09-05 20:59:10,44.0
2022-09-05 20:59:15,9.6
2022-09-05 20:59:20,9.6
2022-09-05 20:59:25,9.6
2022-09-05 20:59:30,9.6
2022-09-05 20:59:35,9.1
2022-09-05 20:59:40,9.1
2022-09-05 20:59:45,9.1
2022-09-05 20:59:50,9.1
2022-09-05 20:59:55,8.8
2022-09-05 21:00:00,8.8
2022-09-05 21:00:05,8.8
2022-09-05 21:00:10,8.8
2022-09-05 21:00:15,5.3
2022-09-05 21:00:20,5.3
2022-09-05 21:00:25,5.3
2022-09-05 21:00:30,5.3
2022-09-05 21:00:35,5.3
2022-09-05 21:00:40,5.3
2022-09-05 21:00:45,5.7
2022-09-05 21:00:50,5.7
2022-09-05 21:00:55,41.4
2022-09-05 21:01:00,41.4
2022-09-05 21:01:05,41.4
2022-09-05 21:01:10,41.4
2022-09-05 21:01:15,42.7
2022-09-05 21:01:20,42.7
2022-09-05 21:01:25,42.7
2022-09-05 21:01:30,42.7
2022-09-05 21:01:35,43.1
2022-09-05 21:01:40,43.1
2022-09-05 21:01:45,43.1
2022-09-05 21:01:50,43.1
2022-09-05 21:01:55,43.6
2022-09-05 21:02:00,43.6
2022-09-05 21:02:05,43.6
2022-09-05 21:02:10,43.6
2022-09-05 21:02:15,41.6
2022-09-05 21:02:20,41.6
2022-09-05 21:02:25,41.6
2022-09-05 21:02:30,41.6
2022-09-05 21:02:35,41.3
2022-09-05 21:02:40,41.3
2022-09-05 21:02:45,41.3
2022-09-05 21:02:50,41.3
2022-09-05 21:02:55,57.9
2022-09-05 21:03:00,57.9
2022-09-05 21:03:05,57.9
2022-09-05 21:03:10,57.9
2022-09-05 21:03:15,55.7
2022-09-05 21:03:20,55.7
2022-09-05 21:03:25,55.7
2022-09-05 21:03:30,55.7
2022-09-05 21:03:35,44.7
2022-09-05 21:03:40,44.7
2022-09-05 21:03:45,44.7
2022-09-05 21:03:50,44.7
2022-09-05 21:03:55,45.8
2022-09-05 21:04:00,45.8
2022-09-05 21:04:05,45.8
2022-09-05 21:04:10,45.8
2022-09-05 21:04:15,47.5
2022-09-05 21:04:20,47.5
2022-09-05 21:04:25,47.5
2022-09-05 21:04:30,47.5
2022-09-05 21:04:35,40.8
2022-09-05 21:04:40,40.8
2022-09-05 21:04:45,40.8
2022-09-05 21:04:50,40.8
2022-09-05 21:04:55,46.8
2022-09-05 21:05:00,46.8
2022-09-05 21:05:05,18.9
2022-09-05 21:05:10,18.9
2022-09-05 21:05:15,6.6
2022-09-05 21:05:20,6.6
2022-09-05 21:05:25,6.6
2022-09-05 21:05:30,6.6
2022-09-05 21:05:35,21.9
2022-09-05 21:05:40,21.9
2022-09-05 21:05:45,21.9
2022-09-05 21:05:50,21.9
2022-09-05 21:05:55,49.9
2022-09-05 21:06:00,49.9
2022-09-05 21:06:05,49.9
2022-09-05 21:06:10,49.9
2022-09-05 21:06:15,47.1
2022-09-05 21:06:20,47.1
2022-09-05 21:06:25,47.1
2022-09-05 21:06:30,47.1
2022-09-05 21:06:35,47.4
2022-09-05 21:06:40,47.4
2022-09-05 21:06:45,47.4
2022-09-05 21:06:50,47.4
2022-09-05 21:06:55,47.2
2022-09-05 21:07:00,47.2
2022-09-05 21:07:05,47.2
2022-09-05 21:07:10,47.2
2022-09-05 21:07:15,6.3
2022-09-05 21:07:20,6.3
2022-09-05 21:07:25,6.3
2022-09-05 21:07:30,6.3
2022-09-05 21:07:35,6.0
2022-09-05 21:07:40,6.0
2022-09-05 21:07:45,6.0
2022-09-05 21:07:50,6.0
2022-09-05 21:07:55,5.5
2022-09-05 21:08:00,5.5
2022-09-05 21:08:05,5.5
2022-09-05 21:08:10,5.5
2022-09-05 21:08:15,5.7
2022-09-05 21:08:20,5.7
2022-09-05 21:08:25,5.7
2022-09-05 21:08:30,5.7
2022-09-05 21:08:35,20.9
2022-09-05 21:08:40,20.9
2022-09-05 21:08:45,20.9
2022-09-05 21:08:50,20.9
2022-09-05 21:08:55,42.6
2022-09-05 21:09:00,42.6
2022-09-05 21:09:05,42.6
2022-09-05 21:09:10,42.6
2022-09-05 21:09:15,40.4
2022-09-05 21:09:20,40.4
2022-09-05 21:09:25,40.4
2022-09-05 21:09:30,40.4
2022-09-05 21:09:35,43.0
2022-09-05 21:09:40,43.0
2022-09-05 21:09:45,43.4
2022-09-05 21:09:50,43.4
2022-09-05 21:09:55,42.6
2022-09-05 21:10:00,42.6
2022-09-05 21:10:05,42.6
2022-09-05 21:10:10,42.6
2022-09-05 21:10:15,41.3
2022-09-05 21:10:20,41.3
2022-09-05 21:10:25,41.3
2022-09-05 21:10:30,41.3
2022-09-05 21:10:35,41.4
2022-09-05 21:10:40,41.4
2022-09-05 21:10:45,41.4
2022-09-05 21:10:50,41.4
2022-09-05 21:10:55,41.3
2022-09-05 21:11:00,41.3
2022-09-05 21:11:05,41.3
2022-09-05 21:11:10,41.3
2022-09-05 21:11:15,41.5
2022-09-05 21:11:20,41.5
2022-09-05 21:11:25,41.5
2022-09-05 21:11:30,41.5
2022-09-05 21:11:35,57.1
2022-09-05 21:11:40,57.1
2022-09-05 21:11:45,57.1
2022-09-05 21:11:50,57.1
2022-09-05 21:11:55,51.9
2022-09-05 21:12:00,51.9
2022-09-05 21:12:05,51.8
2022-09-05 21:12:10,51.8
2022-09-05 21:12:15,41.2
2022-09-05 21:12:20,41.2
2022-09-05 21:12:25,41.2
2022-09-05 21:12:30,41.2
2022-09-05 21:12:35,40.3
2022-09-05 21:12:40,40.3
2022-09-05 21:12:45,40.3
2022-09-05 21:12:50,40.3
2022-09-05 21:12:55,47.1
2022-09-05 21:13:00,47.1
2022-09-05 21:13:05,47.1
2022-09-05 21:13:10,47.1
2022-09-05 21:13:15,48.2
2022-09-05 21:13:20,48.2
2022-09-05 21:13:25,48.2
2022-09-05 21:13:30,48.2
2022-09-05 21:13:35,18.5
2022-09-05 21:13:40,18.5
2022-09-05 21:13:45,18.6
2022-09-05 21:13:50,18.6
2022-09-05 21:13:55,18.2
2022-09-05 21:14:00,18.2
2022-09-05 21:14:05,18.2
2022-09-05 21:14:10,18.2
2022-09-05 21:14:15,48.3
2022-09-05 21:14:20,48.3
2022-09-05 21:14:25,48.3
2022-09-05 21:14:30,48.3
2022-09-05 21:14:35,46.2
2022-09-05 21:14:40,46.2
2022-09-05 21:14:45,46.2
2022-09-05 21:14:50,46.2
2022-09-05 21:14:55,48.8
2022-09-05 21:15:00,48.8
2022-09-05 21:15:05,48.8
2022-09-05 21:15:10,48.8
2022-09-05 21:15:15,46.3
2022-09-05 21:15:20,46.3
2022-09-05 21:15:25,46.3
2022-09-05 21:15:30,46.3
2022-09-05 21:15:35,46.0
2022-09-05 21:15:40,46.0
2022-09-05 21:15:45,46.0
2022-09-05 21:15:50,46.0
2022-09-05 21:15:55,6.1
2022-09-05 21:16:00,6.1
2022-09-05 21:16:05,6.1
2022-09-05 21:16:10,6.1
2022-09-05 21:16:15,9.1
2022-09-05 21:16:20,9.1
2022-09-05 21:16:25,9.1
2022-09-05 21:16:30,9.1
2022-09-05 21:16:35,8.5
2022-09-05 21:16:40,8.5
2022-09-05 21:16:45,8.5
2022-09-05 21:16:50,8.5
2022-09-05 21:16:55,8.5
2022-09-05 21:17:00,8.5
2022-09-05 21:17:05,8.5
2022-09-05 21:17:10,8.5
2022-09-05 21:17:15,44.2
2022-09-05 21:17:20,44.2
2022-09-05 21:17:25,44.2
2022-09-05 21:17:30,44.2
2022-09-05 21:17:35,43.8
2022-09-05 21:17:40,43.8
2022-09-05 21:17:45,43.8
2022-09-05 21:17:50,43.8
2022-09-05 21:17:55,41.7
2022-09-05 21:18:00,41.7
2022-09-05 21:18:05,41.7
2022-09-05 21:18:10,41.7
2022-09-05 21:18:15,40.9
2022-09-05 21:18:20,40.9
2022-09-05 21:18:25,40.9
2022-09-05 21:18:30,40.9
2022-09-05 21:18:35,42.9
2022-09-05 21:18:40,42.9
2022-09-05 21:18:45,42.9
2022-09-05 21:18:50,42.9
2022-09-05 21:18:55,41.2
2022-09-05 21:19:00,41.2
2022-09-05 21:19:05,41.2
2022-09-05 21:19:10,41.2
2022-09-05 21:19:15,41.5
2022-09-05 21:19:20,41.5
2022-09-05 21:19:25,41.5
2022-09-05 21:19:30,41.5
2022-09-05 21:19:35,41.2
2022-09-05 21:19:40,41.2
2022-09-05 21:19:45,41.2
2022-09-05 21:19:50,41.2
2022-09-05 21:19:55,41.5
2022-09-05 21:20:00,41.5
2022-09-05 21:20:05,41.5
2022-09-05 21:20:10,41.5
2022-09-05 21:20:15,56.7
2022-09-05 21:20:20,56.7
2022-09-05 21:20:25,56.7
2022-09-05 21:20:30,56.7
2022-09-05 21:20:35,52.8
2022-09-05 21:20:40,52.8
2022-09-05 21:20:45,52.8
2022-09-05 21:20:50,52.8
2022-09-05 21:20:55,41.0
2022-09-05 21:21:00,41.0
2022-09-05 21:21:05,41.0
2022-09-05 21:21:10,41.0
2022-09-05 21:21:15,42.2
2022-09-05 21:21:20,42.2
2022-09-05 21:21:25,42.2
2022-09-05 21:21:30,42.2
2022-09-05 21:21:35,47.2
2022-09-05 21:21:40,47.2
2022-09-05 21:21:45,47.2
2022-09-05 21:21:50,47.2
2022-09-05 21:21:55,49.2
2022-09-05 21:22:00,49.2
2022-09-05 21:22:05,49.2
2022-09-05 21:22:10,49.2
2022-09-05 21:22:15,22.6
2022-09-05 21:22:20,22.6
2022-09-05 21:22:25,22.6
2022-09-05 21:22:30,22.6
2022-09-05 21:22:35,18.3
2022-09-05 21:22:40,18.3
2022-09-05 21:22:45,18.3
2022-09-05 21:22:50,18.3
2022-09-05 21:22:55,51.2
2022-09-05 21:23:00,51.2
2022-09-05 21:23:05,51.2
2022-09-05 21:23:10,51.2
2022-09-05 21:23:15,47.1
2022-09-05 21:23:20,47.1
2022-09-05 21:23:25,47.1
2022-09-05 21:23:30,47.1
2022-09-05 21:23:35,49.2
2022-09-05 21:23:40,49.2
2022-09-05 21:23:45,49.2
2022-09-05 21:23:50,49.2
2022-09-05 21:23:55,45.0
2022-09-05 21:24:00,45.0
2022-09-05 21:24:05,45.0
2022-09-05 21:24:10,45.0
2022-09-05 21:24:15,46.2
2022-09-05 21:24:20,46.2
2022-09-05 21:24:25,46.2
2022-09-05 21:24:30,46.2
2022-09-05 21:24:35,6.1
2022-09-05 21:24:40,6.1
2022-09-05 21:24:45,6.1
2022-09-05 21:24:50,6.1
2022-09-05 21:24:55,5.8
2022-09-05 21:25:00,5.8
2022-09-05 21:25:05,5.8
2022-09-05 21:25:10,5.8
2022-09-05 21:25:15,5.6
2022-09-05 21:25:20,5.6
2022-09-05 21:25:25,5.6
2022-09-05 21:25:30,5.6
2022-09-05 21:25:35,5.4
2022-09-05 21:25:40,5.4
2022-09-05 21:25:45,5.4
2022-09-05 21:25:50,5.4
2022-09-05 21:25:55,44.9
2022-09-05 21:26:00,44.9
2022-09-05 21:26:05,44.9
2022-09-05 21:26:10,44.9
2022-09-05 21:26:15,42.8
2022-09-05 21:26:20,42.8
2022-09-05 21:26:25,42.8
2022-09-05 21:26:30,42.8
2022-09-05 21:26:35,45.7
2022-09-05 21:26:40,45.7
2022-09-05 21:26:45,45.2
2022-09-05 21:26:50,45.2
2022-09-05 21:26:55,44.7
2022-09-05 21:27:00,44.7
2022-09-05 21:27:05,44.7
2022-09-05 21:27:10,44.7
2022-09-05 21:27:15,41.3
2022-09-05 21:27:20,41.3
2022-09-05 21:27:25,41.4
2022-09-05 21:27:30,41.4
2022-09-05 21:27:35,41.2
2022-09-05 21:27:40,41.2
2022-09-05 21:27:45,41.2
2022-09-05 21:27:50,41.2
2022-09-05 21:27:55,42.6
2022-09-05 21:28:00,42.6
2022-09-05 21:28:05,42.6
2022-09-05 21:28:10,42.6
2022-09-05 21:28:15,41.2
2022-09-05 21:28:20,41.2
2022-09-05 21:28:25,41.2
2022-09-05 21:28:30,41.2
2022-09-05 21:28:35,41.6
2022-09-05 21:28:40,41.6
2022-09-05 21:28:45,41.6
2022-09-05 21:28:50,41.6
2022-09-05 21:28:55,55.2
2022-09-05 21:29:00,55.2
2022-09-05 21:29:05,55.2
2022-09-05 21:29:10,55.2
2022-09-05 21:29:15,56.4
2022-09-05 21:29:20,56.4
2022-09-05 21:29:25,56.4
2022-09-05 21:29:30,56.4
2022-09-05 21:29:35,47.1
2022-09-05 21:29:40,47.1
2022-09-05 21:29:45,47.1
2022-09-05 21:29:50,47.1
2022-09-05 21:29:55,44.4
2022-09-05 21:30:00,44.4
2022-09-05 21:30:05,44.4
2022-09-05 21:30:10,44.4
2022-09-05 21:30:15,49.4
2022-09-05 21:30:20,49.4
2022-09-05 21:30:25,49.4
2022-09-05 21:30:30,49.4
2022-09-05 21:30:35,47.5
2022-09-05 21:30:40,47.5
2022-09-05 21:30:45,47.5
2022-09-05 21:30:50,47.5
2022-09-05 21:30:55,22.4
2022-09-05 21:31:00,22.4
2022-09-05 21:31:05,22.4
2022-09-05 21:31:10,22.4
2022-09-05 21:31:15,22.3
2022-09-05 21:31:20,22.3
2022-09-05 21:31:25,22.3
2022-09-05 21:31:30,22.3
2022-09-05 21:31:35,49.7
2022-09-05 21:31:40,49.7
2022-09-05 21:31:45,49.7
2022-09-05 21:31:50,49.7
2022-09-05 21:31:55,48.3
2022-09-05 21:32:00,48.3
2022-09-05 21:32:05,48.3
2022-09-05 21:32:10,48.3
2022-09-05 21:32:15,46.8
2022-09-05 21:32:20,46.8
2022-09-05 21:32:25,46.8
2022-09-05 21:32:30,46.8
2022-09-05 21:32:35,44.0
2022-09-05 21:32:40,44.0
2022-09-05 21:32:45,44.0
2022-09-05 21:32:50,44.0
2022-09-05 21:32:55,46.8
2022-09-05 21:33:00,46.8
2022-09-05 21:33:05,46.8
2022-09-05 21:33:10,46.8
2022-09-05 21:33:15,9.2
2022-09-05 21:33:20,9.2
2022-09-05 21:33:25,9.2
2022-09-05 21:33:30,9.2
2022-09-05 21:33:35,9.2
2022-09-05 21:33:40,9.2
2022-09-05 21:33:45,9.2
2022-09-05 21:33:50,9.2
2022-09-05 21:33:55,8.7
2022-09-05 21:34:00,8.7
2022-09-05 21:34:05,8.7
2022-09-05 21:34:10,8.7
2022-09-05 21:34:15,5.9
2022-09-05 21:34:20,5.9
2022-09-05 21:34:25,5.9
2022-09-05 21:34:30,5.9
2022-09-05 21:34:35,46.3
2022-09-05 21:34:40,46.3
2022-09-05 21:34:45,46.3
2022-09-05 21:34:50,46.3
2022-09-05 21:34:55,44.0
2022-09-05 21:35:00,44.0
2022-09-05 21:35:05,44.0
2022-09-05 21:35:10,44.0
2022-09-05 21:35:15,45.2
2022-09-05 21:35:20,45.2
2022-09-05 21:35:25,45.2
2022-09-05 21:35:30,45.2
2022-09-05 21:35:35,44.7
2022-09-05 21:35:40,44.7
2022-09-05 21:35:45,44.7
2022-09-05 21:35:50,44.7
2022-09-05 21:35:55,42.4
2022-09-05 21:36:00,42.4
2022-09-05 21:36:05,42.4
2022-09-05 21:36:10,42.4
2022-09-05 21:36:15,41.4
2022-09-05 21:36:20,41.4
2022-09-05 21:36:25,41.4
2022-09-05 21:36:30,41.4
2022-09-05 21:36:35,41.0
2022-09-05 21:36:40,41.0
2022-09-05 21:36:45,41.0
2022-09-05 21:36:50,41.0
2022-09-05 21:36:55,41.7
2022-09-05 21:37:00,41.7
2022-09-05 21:37:05,41.7
2022-09-05 21:37:10,41.7
2022-09-05 21:37:15,43.4
2022-09-05 21:37:20,43.4
2022-09-05 21:37:25,43.4
2022-09-05 21:37:30,43.4
2022-09-05 21:37:35,55.0
2022-09-05 21:37:40,55.0
2022-09-05 21:37:45,55.0
2022-09-05 21:37:50,55.0
2022-09-05 21:37:55,53.4
2022-09-05 21:38:00,53.4
2022-09-05 21:38:05,53.4
2022-09-05 21:38:10,53.4
2022-09-05 21:38:15,50.1
2022-09-05 21:38:20,50.1
2022-09-05 21:38:25,50.1
2022-09-05 21:38:30,50.1
2022-09-05 21:38:35,50.2
2022-09-05 21:38:40,50.2
2022-09-05 21:38:45,50.2
2022-09-05 21:38:50,50.2
2022-09-05 21:38:55,47.5
2022-09-05 21:39:00,47.5
2022-09-05 21:39:05,47.5
2022-09-05 21:39:10,47.5
2022-09-05 21:39:15,46.9
2022-09-05 21:39:20,46.9
2022-09-05 21:39:25,46.9
2022-09-05 21:39:30,46.9
2022-09-05 21:39:35,21.6
2022-09-05 21:39:40,21.6
2022-09-05 21:39:45,21.6
2022-09-05 21:39:50,21.6
2022-09-05 21:39:55,22.2
2022-09-05 21:40:00,22.2
2022-09-05 21:40:05,22.1
2022-09-05 21:40:10,22.1
2022-09-05 21:40:15,49.6
2022-09-05 21:40:20,49.6
2022-09-05 21:40:25,49.6
2022-09-05 21:40:30,49.6
2022-09-05 21:40:35,49.3
2022-09-05 21:40:40,49.3
2022-09-05 21:40:45,49.3
2022-09-05 21:40:50,49.3
2022-09-05 21:40:55,47.3
2022-09-05 21:41:00,47.3
2022-09-05 21:41:05,47.3
2022-09-05 21:41:10,47.3
2022-09-05 21:41:15,44.6
2022-09-05 21:41:20,44.6
2022-09-05 21:41:25,44.6
2022-09-05 21:41:30,44.6
2022-09-05 21:41:35,6.5
2022-09-05 21:41:40,6.5
2022-09-05 21:41:45,6.5
2022-09-05 21:41:50,6.5
2022-09-05 21:41:55,6.1
2022-09-05 21:42:00,6.1
2022-09-05 21:42:05,6.1
2022-09-05 21:42:10,6.1
2022-09-05 21:42:15,8.9
2022-09-05 21:42:20,8.9
2022-09-05 21:42:25,8.9
2022-09-05 21:42:30,8.9
2022-09-05 21:42:35,8.6
2022-09-05 21:42:40,8.6
2022-09-05 21:42:45,8.6
2022-09-05 21:42:50,8.6
2022-09-05 21:42:55,8.3
2022-09-05 21:43:00,8.3
2022-09-05 21:43:05,8.3
2022-09-05 21:43:10,8.3
2022-09-05 21:43:15,46.4
2022-09-05 21:43:20,46.4
2022-09-05 21:43:25,46.4
2022-09-05 21:43:30,46.4
2022-09-05 21:43:35,41.7
2022-09-05 21:43:40,41.7
2022-09-05 21:43:45,41.7
2022-09-05 21:43:50,41.7
2022-09-05 21:43:55,44.0
2022-09-05 21:44:00,44.0
2022-09-05 21:44:05,44.1
2022-09-05 21:44:10,44.1
2022-09-05 21:44:15,44.8
2022-09-05 21:44:20,44.8
2022-09-05 21:44:25,44.8
2022-09-05 21:44:30,44.8
2022-09-05 21:44:35,41.1
2022-09-05 21:44:40,41.1
2022-09-05 21:44:45,41.1
2022-09-05 21:44:50,41.1
2022-09-05 21:44:55,41.5
2022-09-05 21:45:00,41.5
2022-09-05 21:45:05,41.5
2022-09-05 21:45:10,41.5
2022-09-05 21:45:15,40.9
2022-09-05 21:45:20,40.9
2022-09-05 21:45:25,40.9
2022-09-05 21:45:30,40.9
2022-09-05 21:45:35,42.1
2022-09-05 21:45:40,42.1
2022-09-05 21:45:45,42.1
2022-09-05 21:45:50,42.1
2022-09-05 21:45:55,60.3
2022-09-05 21:46:00,60.3
2022-09-05 21:46:05,60.3
2022-09-05 21:46:10,60.3
2022-09-05 21:46:15,54.9
2022-09-05 21:46:20,54.9
2022-09-05 21:46:25,54.9
2022-09-05 21:46:30,54.9
2022-09-05 21:46:35,42.4
2022-09-05 21:46:40,42.4
2022-09-05 21:46:45,42.4
2022-09-05 21:46:50,42.4
2022-09-05 21:46:55,46.7
2022-09-05 21:47:00,46.7
2022-09-05 21:47:05,46.7
2022-09-05 21:47:10,46.7
2022-09-05 21:47:15,47.9
2022-09-05 21:47:20,47.9
2022-09-05 21:47:25,47.9
2022-09-05 21:47:30,47.9
2022-09-05 21:47:35,46.6
2022-09-05 21:47:40,46.6
2022-09-05 21:47:45,46.6
2022-09-05 21:47:50,46.6
2022-09-05 21:47:55,47.1
2022-09-05 21:48:00,47.1
2022-09-05 21:48:05,47.1
2022-09-05 21:48:10,47.1
2022-09-05 21:48:15,22.0
2022-09-05 21:48:20,22.0
2022-09-05 21:48:25,22.0
2022-09-05 21:48:30,22.0
2022-09-05 21:48:35,22.0
2022-09-05 21:48:40,22.0
2022-09-05 21:48:45,22.0
2022-09-05 21:48:50,22.0
2022-09-05 21:48:55,48.3
2022-09-05 21:49:00,48.3
2022-09-05 21:49:05,48.3
2022-09-05 21:49:10,48.3
2022-09-05 21:49:15,48.9
2022-09-05 21:49:20,48.9
2022-09-05 21:49:25,48.9
2022-09-05 21:49:30,48.9
2022-09-05 21:49:35,47.7
2022-09-05 21:49:40,47.7
2022-09-05 21:49:45,47.7
2022-09-05 21:49:50,47.7
2022-09-05 21:49:55,46.8
2022-09-05 21:50:00,46.8
2022-09-05 21:50:05,46.8
2022-09-05 21:50:10,46.8
2022-09-05 21:50:15,7.0
2022-09-05 21:50:20,7.0
2022-09-05 21:50:25,7.0
2022-09-05 21:50:30,7.0
2022-09-05 21:50:35,6.0
2022-09-05 21:50:40,6.0
2022-09-05 21:50:45,6.0
2022-09-05 21:50:50,6.0
2022-09-05 21:50:55,5.8
2022-09-05 21:51:00,5.8
2022-09-05 21:51:05,5.8
2022-09-05 21:51:10,5.8
2022-09-05 21:51:15,5.5
2022-09-05 21:51:20,5.5
2022-09-05 21:51:25,5.5
2022-09-05 21:51:30,5.5
2022-09-05 21:51:35,5.3
2022-09-05 21:51:40,5.3
2022-09-05 21:51:45,5.3
2022-09-05 21:51:50,5.3
2022-09-05 21:51:55,47.2
2022-09-05 21:52:00,47.2
2022-09-05 21:52:05,47.2
2022-09-05 21:52:10,47.2
2022-09-05 21:52:15,42.1
2022-09-05 21:52:20,42.1
2022-09-05 21:52:25,42.1
2022-09-05 21:52:30,42.1
2022-09-05 21:52:35,45.8
2022-09-05 21:52:40,45.8
2022-09-05 21:52:45,45.8
2022-09-05 21:52:50,45.8
2022-09-05 21:52:55,46.4
2022-09-05 21:53:00,46.4
2022-09-05 21:53:05,46.4
2022-09-05 21:53:10,46.4
2022-09-05 21:53:15,41.3
2022-09-05 21:53:20,41.3
2022-09-05 21:53:25,41.3
2022-09-05 21:53:30,41.3
2022-09-05 21:53:35,41.5
2022-09-05 21:53:40,41.5
2022-09-05 21:53:45,41.5
2022-09-05 21:53:50,41.5
2022-09-05 21:53:55,41.0
2022-09-05 21:54:00,41.0
2022-09-05 21:54:05,41.0
2022-09-05 21:54:10,41.0
2022-09-05 21:54:15,41.9
2022-09-05 21:54:20,41.9
2022-09-05 21:54:25,41.9
2022-09-05 21:54:30,41.9
2022-09-05 21:54:35,59.4
2022-09-05 21:54:40,59.4
2022-09-05 21:54:45,59.4
2022-09-05 21:54:50,59.4
2022-09-05 21:54:55,54.9
2022-09-05 21:55:00,54.9
2022-09-05 21:55:05,54.9
2022-09-05 21:55:10,54.9
2022-09-05 21:55:15,48.5
2022-09-05 21:55:20,48.5
2022-09-05 21:55:25,48.5
2022-09-05 21:55:30,48.5
2022-09-05 21:55:35,49.1
2022-09-05 21:55:40,49.1
2022-09-05 21:55:45,49.4
2022-09-05 21:55:50,49.4
2022-09-05 21:55:55,48.6
2022-09-05 21:56:00,48.6
2022-09-05 21:56:05,48.6
2022-09-05 21:56:10,48.6
2022-09-05 21:56:15,41.3
2022-09-05 21:56:20,41.3
2022-09-05 21:56:25,41.3
2022-09-05 21:56:30,41.3
2022-09-05 21:56:35,47.8
2022-09-05 21:56:40,47.8
2022-09-05 21:56:45,47.8
2022-09-05 21:56:50,47.8
2022-09-05 21:56:55,21.6
2022-09-05 21:57:00,21.6
2022-09-05 21:57:05,21.6
2022-09-05 21:57:10,21.6
2022-09-05 21:57:15,23.3
2022-09-05 21:57:20,23.3
2022-09-05 21:57:25,23.3
2022-09-05 21:57:30,23.3
2022-09-05 21:57:35,51.6
2022-09-05 21:57:40,51.6
2022-09-05 21:57:45,51.6
2022-09-05 21:57:50,51.6
2022-09-05 21:57:55,48.7
2022-09-05 21:58:00,48.7
2022-09-05 21:58:05,48.7
2022-09-05 21:58:10,48.7
2022-09-05 21:58:15,48.1
2022-09-05 21:58:20,48.1
2022-09-05 21:58:25,48.1
2022-09-05 21:58:30,48.1
2022-09-05 21:58:35,47.1
2022-09-05 21:58:40,47.1
2022-09-05 21:58:45,47.1
2022-09-05 21:58:50,47.1
2022-09-05 21:58:55,6.2
2022-09-05 21:59:00,6.2
2022-09-05 21:59:05,6.2
2022-09-05 21:59:10,6.2
2022-09-05 21:59:15,9.5
2022-09-05 21:59:20,9.5
2022-09-05 21:59:25,9.4
2022-09-05 21:59:30,9.4
2022-09-05 21:59:35,8.8
2022-09-05 21:59:40,8.8
2022-09-05 21:59:45,8.8
2022-09-05 21:59:50,8.8
2022-09-05 21:59:55,8.8
2022-09-05 22:00:00,8.8
2022-09-05 22:00:05,8.8
2022-09-05 22:00:10,8.8
2022-09-05 22:00:15,5.2
2022-09-05 22:00:20,5.2
2022-09-05 22:00:25,5.2
2022-09-05 22:00:30,5.2
2022-09-05 22:00:35,46.7
2022-09-05 22:00:40,46.7
2022-09-05 22:00:45,46.7
2022-09-05 22:00:50,46.7
2022-09-05 22:00:55,41.6
2022-09-05 22:01:00,41.6
2022-09-05 22:01:05,41.6
2022-09-05 22:01:10,41.6
2022-09-05 22:01:15,45.4
2022-09-05 22:01:20,45.4
2022-09-05 22:01:25,45.4
2022-09-05 22:01:30,45.4
2022-09-05 22:01:35,44.8
2022-09-05 22:01:40,44.8
2022-09-05 22:01:45,44.8
2022-09-05 22:01:50,44.8
2022-09-05 22:01:55,41.2
2022-09-05 22:02:00,41.2
2022-09-05 22:02:05,41.2
2022-09-05 22:02:10,41.2
2022-09-05 22:02:15,41.6
2022-09-05 22:02:20,41.6
2022-09-05 22:02:25,41.6
2022-09-05 22:02:30,41.6
2022-09-05 22:02:35,41.0
2022-09-05 22:02:40,41.0
2022-09-05 22:02:45,41.0
2022-09-05 22:02:50,41.0
2022-09-05 22:02:55,41.8
2022-09-05 22:03:00,41.8
2022-09-05 22:03:05,41.8
2022-09-05 22:03:10,41.8
2022-09-05 22:03:15,58.3
2022-09-05 22:03:20,58.3
2022-09-05 22:03:25,58.3
2022-09-05 22:03:30,58.3
2022-09-05 22:03:35,55.3
2022-09-05 22:03:40,55.3
2022-09-05 22:03:45,55.1
2022-09-05 22:03:50,55.1
2022-09-05 22:03:55,48.5
2022-09-05 22:04:00,48.5
2022-09-05 22:04:05,48.5
2022-09-05 22:04:10,48.5
2022-09-05 22:04:15,48.7
2022-09-05 22:04:20,48.7
2022-09-05 22:04:25,48.7
2022-09-05 22:04:30,48.7
2022-09-05 22:04:35,47.8
2022-09-05 22:04:40,47.8
2022-09-05 22:04:45,47.8
2022-09-05 22:04:50,47.8
2022-09-05 22:04:55,46.8
2022-09-05 22:05:00,46.8
2022-09-05 22:05:05,46.8
2022-09-05 22:05:10,46.8
2022-09-05 22:05:15,19.7
2022-09-05 22:05:20,19.7
2022-09-05 22:05:25,19.7
2022-09-05 22:05:30,19.7
2022-09-05 22:05:35,18.5
2022-09-05 22:05:40,18.5
2022-09-05 22:05:45,18.5
2022-09-05 22:05:50,18.5
2022-09-05 22:05:55,12.1
2022-09-05 22:06:00,12.1
2022-09-05 22:06:05,12.1
2022-09-05 22:06:10,12.1
2022-09-05 22:06:15,48.0
2022-09-05 22:06:20,48.0
2022-09-05 22:06:25,48.0
2022-09-05 22:06:30,48.0
2022-09-05 22:06:35,49.7
2022-09-05 22:06:40,49.7
2022-09-05 22:06:45,49.7
2022-09-05 22:06:50,49.7
2022-09-05 22:06:55,47.4
2022-09-05 22:07:00,47.4
2022-09-05 22:07:05,47.4
2022-09-05 22:07:10,47.4
2022-09-05 22:07:15,46.4
2022-09-05 22:07:20,46.4
2022-09-05 22:07:25,46.4
2022-09-05 22:07:30,46.4
2022-09-05 22:07:35,6.6
2022-09-05 22:07:40,6.6
2022-09-05 22:07:45,6.6
2022-09-05 22:07:50,6.6
2022-09-05 22:07:55,6.0
2022-09-05 22:08:00,6.0
2022-09-05 22:08:05,6.0
2022-09-05 22:08:10,6.0
2022-09-05 22:08:15,8.8
2022-09-05 22:08:20,8.8
2022-09-05 22:08:25,8.8
2022-09-05 22:08:30,8.8
2022-09-05 22:08:35,8.4
2022-09-05 22:08:40,8.4
2022-09-05 22:08:45,8.4
2022-09-05 22:08:50,8.4
2022-09-05 22:08:55,52.9
2022-09-05 22:09:00,52.9
2022-09-05 22:09:05,52.9
2022-09-05 22:09:10,52.9
2022-09-05 22:09:15,49.8
2022-09-05 22:09:20,49.8
2022-09-05 22:09:25,49.8
2022-09-05 22:09:30,49.8
2022-09-05 22:09:35,41.4
2022-09-05 22:09:40,41.4
2022-09-05 22:09:45,42.8
2022-09-05 22:09:50,42.8
2022-09-05 22:09:55,45.8
2022-09-05 22:10:00,45.8
2022-09-05 22:10:05,45.8
2022-09-05 22:10:10,45.8
2022-09-05 22:10:15,45.4
2022-09-05 22:10:20,45.4
2022-09-05 22:10:25,45.4
2022-09-05 22:10:30,45.4
2022-09-05 22:10:35,40.9
2022-09-05 22:10:40,40.9
2022-09-05 22:10:45,40.9
2022-09-05 22:10:50,40.9
2022-09-05 22:10:55,41.6
2022-09-05 22:11:00,41.6
2022-09-05 22:11:05,41.6
2022-09-05 22:11:10,41.6
2022-09-05 22:11:15,40.9
2022-09-05 22:11:20,40.9
2022-09-05 22:11:25,40.9
2022-09-05 22:11:30,40.9
2022-09-05 22:11:35,41.6
2022-09-05 22:11:40,41.6
2022-09-05 22:11:45,41.6
2022-09-05 22:11:50,41.6
2022-09-05 22:11:55,57.2
2022-09-05 22:12:00,57.2
2022-09-05 22:12:05,56.7
2022-09-05 22:12:10,56.7
2022-09-05 22:12:15,55.0
2022-09-05 22:12:20,55.0
2022-09-05 22:12:25,55.0
2022-09-05 22:12:30,55.0
2022-09-05 22:12:35,49.0
2022-09-05 22:12:40,49.0
2022-09-05 22:12:45,49.0
2022-09-05 22:12:50,49.0
2022-09-05 22:12:55,51.4
2022-09-05 22:13:00,51.4
2022-09-05 22:13:05,51.4
2022-09-05 22:13:10,51.4
2022-09-05 22:13:15,48.0
2022-09-05 22:13:20,48.0
2022-09-05 22:13:25,48.0
2022-09-05 22:13:30,48.0
2022-09-05 22:13:35,48.3
2022-09-05 22:13:40,48.3
2022-09-05 22:13:45,48.3
2022-09-05 22:13:50,48.3
2022-09-05 22:13:55,18.5
2022-09-05 22:14:00,18.5
2022-09-05 22:14:05,18.5
2022-09-05 22:14:10,18.5
2022-09-05 22:14:15,18.3
2022-09-05 22:14:20,18.3
2022-09-05 22:14:25,18.3
2022-09-05 22:14:30,18.3
2022-09-05 22:14:35,51.0
2022-09-05 22:14:40,51.0
2022-09-05 22:14:45,51.0
2022-09-05 22:14:50,51.0
2022-09-05 22:14:55,48.8
2022-09-05 22:15:00,48.8
2022-09-05 22:15:05,48.8
2022-09-05 22:15:10,48.8
2022-09-05 22:15:15,50.1
2022-09-05 22:15:20,50.1
2022-09-05 22:15:25,50.1
2022-09-05 22:15:30,50.1
2022-09-05 22:15:35,47.1
2022-09-05 22:15:40,47.1
2022-09-05 22:15:45,47.1
2022-09-05 22:15:50,47.1
2022-09-05 22:15:55,46.7
2022-09-05 22:16:00,46.7
2022-09-05 22:16:05,46.7
2022-09-05 22:16:10,46.7
2022-09-05 22:16:15,9.1
2022-09-05 22:16:20,9.1
2022-09-05 22:16:25,9.1
2022-09-05 22:16:30,9.1
2022-09-05 22:16:35,9.0
2022-09-05 22:16:40,9.0
2022-09-05 22:16:45,9.0
2022-09-05 22:16:50,9.0
2022-09-05 22:16:55,8.9
2022-09-05 22:17:00,8.9
2022-09-05 22:17:05,8.9
2022-09-05 22:17:10,8.9
2022-09-05 22:17:15,5.6
2022-09-05 22:17:20,5.6
2022-09-05 22:17:25,5.6
2022-09-05 22:17:30,5.6
2022-09-05 22:17:35,5.3
2022-09-05 22:17:40,5.3
2022-09-05 22:17:45,5.3
2022-09-05 22:17:50,5.3

