"Time","smart plug measure","timestamp"
2022-02-23 08:25:30,82.0,1645601129
2022-02-23 08:25:40,82.5,1645601139
2022-02-23 08:25:50,82.5,1645601149
2022-02-23 08:26:00,81.9,1645601159
2022-02-23 08:26:10,81.9,1645601169
2022-02-23 08:26:20,81.9,1645601179
2022-02-23 08:26:30,81.8,1645601189
2022-02-23 08:26:40,83.3,1645601199
2022-02-23 08:26:50,83.3,1645601209
2022-02-23 08:27:00,81.8,1645601219
2022-02-23 08:27:10,81.8,1645601229
2022-02-23 08:27:20,82.0,1645601239
2022-02-23 08:27:30,117,1645601249
2022-02-23 08:27:40,117,1645601259
2022-02-23 08:27:50,119,1645601269
2022-02-23 08:28:00,119,1645601279
2022-02-23 08:28:10,120,1645601289
2022-02-23 08:28:20,120,1645601299
2022-02-23 08:28:30,120,1645601309
2022-02-23 08:28:40,120,1645601319
2022-02-23 08:28:50,120,1645601329
2022-02-23 08:29:00,120,1645601339
2022-02-23 08:29:10,116,1645601349
2022-02-23 08:29:20,121,1645601359
2022-02-23 08:29:30,121,1645601369
2022-02-23 08:29:40,121,1645601379
2022-02-23 08:29:50,121,1645601389
2022-02-23 08:30:00,121,1645601399
2022-02-23 08:30:10,120,1645601409
2022-02-23 08:30:20,120,1645601419
2022-02-23 08:30:30,121,1645601429
2022-02-23 08:30:40,121,1645601439
2022-02-23 08:30:50,121,1645601449
2022-02-23 08:31:00,122,1645601459
2022-02-23 08:31:10,122,1645601469
2022-02-23 08:31:20,117,1645601479
2022-02-23 08:31:30,121,1645601489
2022-02-23 08:31:40,121,1645601499
2022-02-23 08:31:50,121,1645601509
2022-02-23 08:32:00,120,1645601519
2022-02-23 08:32:10,120,1645601529
2022-02-23 08:32:20,115,1645601539
2022-02-23 08:32:30,115,1645601549
2022-02-23 08:32:40,121,1645601559
2022-02-23 08:32:50,121,1645601569
2022-02-23 08:33:00,121,1645601579
2022-02-23 08:33:10,122,1645601589
2022-02-23 08:33:20,117,1645601599
2022-02-23 08:33:30,117,1645601609
2022-02-23 08:33:40,121,1645601619
2022-02-23 08:33:50,121,1645601629
2022-02-23 08:34:00,99.9,1645601639
2022-02-23 08:34:10,99.9,1645601649
2022-02-23 08:34:20,99.8,1645601659
2022-02-23 08:34:30,99.8,1645601669
2022-02-23 08:34:40,99.3,1645601679
2022-02-23 08:34:50,99.3,1645601689
2022-02-23 08:35:00,99.3,1645601699
2022-02-23 08:35:10,99.2,1645601709
2022-02-23 08:35:20,99.2,1645601719
2022-02-23 08:35:30,122,1645601729
2022-02-23 08:35:40,122,1645601739
2022-02-23 08:35:50,122,1645601749
2022-02-23 08:36:00,123,1645601759
2022-02-23 08:36:10,123,1645601769
2022-02-23 08:36:20,123,1645601779
2022-02-23 08:36:30,123,1645601789
2022-02-23 08:36:40,122,1645601799
2022-02-23 08:36:50,124,1645601809
2022-02-23 08:37:00,124,1645601819
2022-02-23 08:37:10,124,1645601829
2022-02-23 08:37:20,124,1645601839
2022-02-23 08:37:30,124,1645601849
2022-02-23 08:37:40,125,1645601859
2022-02-23 08:37:50,125,1645601869
2022-02-23 08:38:00,125,1645601879
2022-02-23 08:38:10,123,1645601889
2022-02-23 08:38:20,123,1645601899
2022-02-23 08:38:30,125,1645601909
2022-02-23 08:38:40,124,1645601919
2022-02-23 08:38:50,124,1645601929
2022-02-23 08:39:00,124,1645601939
2022-02-23 08:39:10,124,1645601949
2022-02-23 08:39:20,124,1645601959
2022-02-23 08:39:30,125,1645601969
2022-02-23 08:39:40,125,1645601979
2022-02-23 08:39:50,121,1645601989
2022-02-23 08:40:00,121,1645601999
2022-02-23 08:40:10,121,1645602009
2022-02-23 08:40:20,125,1645602019
2022-02-23 08:40:30,125,1645602029
2022-02-23 08:40:40,125,1645602039
2022-02-23 08:40:50,126,1645602049
2022-02-23 08:41:00,126,1645602059
2022-02-23 08:41:10,124,1645602069
2022-02-23 08:41:20,126,1645602079
2022-02-23 08:41:30,126,1645602089
2022-02-23 08:41:40,121,1645602099
2022-02-23 08:41:50,121,1645602109
2022-02-23 08:42:00,99.5,1645602119
2022-02-23 08:42:10,99.0,1645602129
2022-02-23 08:42:20,99.0,1645602139
2022-02-23 08:42:30,99.0,1645602149
2022-02-23 08:42:40,99.4,1645602159
2022-02-23 08:42:50,99.0,1645602169
2022-02-23 08:43:00,99.0,1645602179
2022-02-23 08:43:10,101,1645602189
2022-02-23 08:43:20,124,1645602199
2022-02-23 08:43:30,124,1645602209
2022-02-23 08:43:40,125,1645602219
2022-02-23 08:43:50,125,1645602229
2022-02-23 08:44:00,125,1645602239
2022-02-23 08:44:10,125,1645602249
2022-02-23 08:44:20,125,1645602259
2022-02-23 08:44:30,125,1645602269
2022-02-23 08:44:40,128,1645602279
2022-02-23 08:44:50,128,1645602289
2022-02-23 08:45:00,126,1645602299
2022-02-23 08:45:10,126,1645602309
2022-02-23 08:45:20,128,1645602319
2022-02-23 08:45:30,130,1645602329
2022-02-23 08:45:40,130,1645602339
2022-02-23 08:45:50,130,1645602349
2022-02-23 08:46:00,130,1645602359
2022-02-23 08:46:10,126,1645602369
2022-02-23 08:46:20,128,1645602379
2022-02-23 08:46:30,128,1645602389
2022-02-23 08:46:40,128,1645602399
2022-02-23 08:46:50,128,1645602409
2022-02-23 08:47:00,128,1645602419
2022-02-23 08:47:10,127,1645602429
2022-02-23 08:47:20,128,1645602439
2022-02-23 08:47:30,128,1645602449
2022-02-23 08:47:40,121,1645602459
2022-02-23 08:47:50,121,1645602469
2022-02-23 08:48:00,120,1645602479
2022-02-23 08:48:10,127,1645602489
2022-02-23 08:48:20,127,1645602499
2022-02-23 08:48:30,131,1645602509
2022-02-23 08:48:40,130,1645602519
2022-02-23 08:48:50,130,1645602529
2022-02-23 08:49:00,132,1645602539
2022-02-23 08:49:10,132,1645602549
2022-02-23 08:49:20,127,1645602559
2022-02-23 08:49:30,129,1645602569
2022-02-23 08:49:40,129,1645602579
2022-02-23 08:49:50,99.5,1645602589
2022-02-23 08:50:00,99.5,1645602599
2022-02-23 08:50:10,98.8,1645602609
2022-02-23 08:50:20,99.3,1645602619
2022-02-23 08:50:30,99.3,1645602629
2022-02-23 08:50:40,99.1,1645602639
2022-02-23 08:50:50,99.2,1645602649
2022-02-23 08:51:00,99.2,1645602659
2022-02-23 08:51:10,105,1645602669
2022-02-23 08:51:20,105,1645602679
2022-02-23 08:51:30,126,1645602689
2022-02-23 08:51:40,127,1645602699
2022-02-23 08:51:50,127,1645602709
2022-02-23 08:52:00,128,1645602719
2022-02-23 08:52:10,128,1645602729
2022-02-23 08:52:20,128,1645602739
2022-02-23 08:52:30,128,1645602749
2022-02-23 08:52:40,128,1645602759
2022-02-23 08:52:50,131,1645602769
2022-02-23 08:53:00,131,1645602779
2022-02-23 08:53:10,131,1645602789
2022-02-23 08:53:20,129,1645602799
2022-02-23 08:53:30,133,1645602809
2022-02-23 08:53:40,133,1645602819
2022-02-23 08:53:50,133,1645602829
2022-02-23 08:54:00,133,1645602839
2022-02-23 08:54:10,128,1645602849
2022-02-23 08:54:20,128,1645602859
2022-02-23 08:54:30,128,1645602869
2022-02-23 08:54:40,132,1645602879
2022-02-23 08:54:50,132,1645602889
2022-02-23 08:55:00,132,1645602899
2022-02-23 08:55:10,133,1645602909
2022-02-23 08:55:20,122,1645602919
2022-02-23 08:55:30,122,1645602929
2022-02-23 08:55:40,120,1645602939
2022-02-23 08:55:50,120,1645602949
2022-02-23 08:56:00,120,1645602959
2022-02-23 08:56:10,136,1645602969
2022-02-23 08:56:20,136,1645602979
2022-02-23 08:56:30,132,1645602989
2022-02-23 08:56:40,136,1645602999
2022-02-23 08:56:50,136,1645603009
2022-02-23 08:57:00,131,1645603019
2022-02-23 08:57:10,131,1645603029
2022-02-23 08:57:20,137,1645603039
2022-02-23 08:57:30,99.2,1645603049
2022-02-23 08:57:40,99.2,1645603059
2022-02-23 08:57:50,99.0,1645603069
2022-02-23 08:58:00,99.2,1645603079
2022-02-23 08:58:10,99.2,1645603089
2022-02-23 08:58:20,98.7,1645603099
2022-02-23 08:58:30,98.7,1645603109
2022-02-23 08:58:40,98.7,1645603119
2022-02-23 08:58:50,98.8,1645603129
2022-02-23 08:59:00,98.8,1645603139
2022-02-23 08:59:10,129,1645603149
2022-02-23 08:59:20,129,1645603159
2022-02-23 08:59:30,129,1645603169
2022-02-23 08:59:40,129,1645603179
2022-02-23 08:59:50,129,1645603189
2022-02-23 09:00:00,130,1645603199
2022-02-23 09:00:10,130,1645603209
2022-02-23 09:00:20,130,1645603219
2022-02-23 09:00:30,130,1645603229
2022-02-23 09:00:40,135,1645603239
2022-02-23 09:00:50,135,1645603249
2022-02-23 09:01:00,135,1645603259
2022-02-23 09:01:10,135,1645603269
2022-02-23 09:01:20,137,1645603279
2022-02-23 09:01:30,132,1645603289
2022-02-23 09:01:40,132,1645603299
2022-02-23 09:01:50,138,1645603309
2022-02-23 09:02:00,135,1645603319
2022-02-23 09:02:10,135,1645603329
2022-02-23 09:02:20,132,1645603339
2022-02-23 09:02:30,132,1645603349
2022-02-23 09:02:40,135,1645603359
2022-02-23 09:02:50,135,1645603369
2022-02-23 09:03:00,135,1645603379
2022-02-23 09:03:10,136,1645603389
2022-02-23 09:03:20,136,1645603399
2022-02-23 09:03:30,120,1645603409
2022-02-23 09:03:40,119,1645603419
2022-02-23 09:03:50,119,1645603429
2022-02-23 09:04:00,119,1645603439
2022-02-23 09:04:10,119,1645603449
2022-02-23 09:04:20,142,1645603459
2022-02-23 09:04:30,142,1645603469
2022-02-23 09:04:40,142,1645603479
2022-02-23 09:04:50,140,1645603489
2022-02-23 09:05:00,127,1645603499
2022-02-23 09:05:10,127,1645603509
2022-02-23 09:05:20,136,1645603519
2022-02-23 09:05:30,98.7,1645603529
2022-02-23 09:05:40,98.7,1645603539
2022-02-23 09:05:50,98.2,1645603549
2022-02-23 09:06:00,98.2,1645603559
2022-02-23 09:06:10,98.2,1645603569
2022-02-23 09:06:20,98.5,1645603579
2022-02-23 09:06:30,98.5,1645603589
2022-02-23 09:06:40,98.3,1645603599
2022-02-23 09:06:50,98.2,1645603609
2022-02-23 09:07:00,98.2,1645603619
2022-02-23 09:07:10,131,1645603629
2022-02-23 09:07:20,131,1645603639
2022-02-23 09:07:30,131,1645603649
2022-02-23 09:07:40,133,1645603659
2022-02-23 09:07:50,133,1645603669
2022-02-23 09:08:00,133,1645603679
2022-02-23 09:08:10,133,1645603689
2022-02-23 09:08:20,133,1645603699
2022-02-23 09:08:30,138,1645603709
2022-02-23 09:08:40,138,1645603719
2022-02-23 09:08:50,138,1645603729
2022-02-23 09:09:00,138,1645603739
2022-02-23 09:09:10,138,1645603749
2022-02-23 09:09:20,138,1645603759
2022-02-23 09:09:30,141,1645603769
2022-02-23 09:09:40,141,1645603779
2022-02-23 09:09:50,134,1645603789
2022-02-23 09:10:00,138,1645603799
2022-02-23 09:10:10,138,1645603809
2022-02-23 09:10:20,139,1645603819
2022-02-23 09:10:30,139,1645603829
2022-02-23 09:10:40,139,1645603839
2022-02-23 09:10:50,138,1645603849
2022-02-23 09:11:00,138,1645603859
2022-02-23 09:11:10,139,1645603869
2022-02-23 09:11:20,139,1645603879
2022-02-23 09:11:30,118,1645603889
2022-02-23 09:11:40,118,1645603899
2022-02-23 09:11:50,118,1645603909
2022-02-23 09:12:00,145,1645603919
2022-02-23 09:12:10,145,1645603929
2022-02-23 09:12:20,145,1645603939
2022-02-23 09:12:30,145,1645603949
2022-02-23 09:12:40,145,1645603959
2022-02-23 09:12:50,135,1645603969
2022-02-23 09:13:00,143,1645603979
2022-02-23 09:13:10,143,1645603989
2022-02-23 09:13:20,127,1645603999
2022-02-23 09:13:30,95.2,1645604009
2022-02-23 09:13:40,95.0,1645604019
2022-02-23 09:13:50,94.7,1645604029
2022-02-23 09:14:00,95.2,1645604039
2022-02-23 09:14:10,95.3,1645604049
2022-02-23 09:14:20,94.7,1645604059
2022-02-23 09:14:30,94.7,1645604069
2022-02-23 09:14:40,94.7,1645604079
2022-02-23 09:14:50,130,1645604089
2022-02-23 09:15:00,130,1645604099
2022-02-23 09:15:10,130,1645604109
2022-02-23 09:15:20,130,1645604119
2022-02-23 09:15:30,130,1645604129
2022-02-23 09:15:40,132,1645604139
2022-02-23 09:15:50,132,1645604149
2022-02-23 09:16:00,132,1645604159
2022-02-23 09:16:10,132,1645604169
2022-02-23 09:16:20,132,1645604179
2022-02-23 09:16:30,139,1645604189
2022-02-23 09:16:40,139,1645604199
2022-02-23 09:16:50,139,1645604209
2022-02-23 09:17:00,143,1645604219
2022-02-23 09:17:10,143,1645604229
2022-02-23 09:17:20,142,1645604239
2022-02-23 09:17:30,142,1645604249
2022-02-23 09:17:40,142,1645604259
2022-02-23 09:17:50,139,1645604269
2022-02-23 09:18:00,134,1645604279
2022-02-23 09:18:10,134,1645604289
2022-02-23 09:18:20,140,1645604299
2022-02-23 09:18:30,140,1645604309
2022-02-23 09:18:40,139,1645604319
2022-02-23 09:18:50,140,1645604329
2022-02-23 09:19:00,140,1645604339
2022-02-23 09:19:10,116,1645604349
2022-02-23 09:19:20,116,1645604359
2022-02-23 09:19:30,115,1645604369
2022-02-23 09:19:40,116,1645604379
2022-02-23 09:19:50,116,1645604389
2022-02-23 09:20:00,150,1645604399
2022-02-23 09:20:10,149,1645604409
2022-02-23 09:20:20,149,1645604419
2022-02-23 09:20:30,134,1645604429
2022-02-23 09:20:40,134,1645604439
2022-02-23 09:20:50,139,1645604449
2022-02-23 09:21:00,139,1645604459
2022-02-23 09:21:10,139,1645604469
2022-02-23 09:21:20,95.2,1645604479
2022-02-23 09:21:30,96.7,1645604489
2022-02-23 09:21:40,96.7,1645604499
2022-02-23 09:21:50,94.7,1645604509
2022-02-23 09:22:00,94.7,1645604519
2022-02-23 09:22:10,94.9,1645604529
2022-02-23 09:22:20,94.9,1645604539
2022-02-23 09:22:30,94.9,1645604549
2022-02-23 09:22:40,94.8,1645604559
2022-02-23 09:22:50,133,1645604569
2022-02-23 09:23:00,133,1645604579
2022-02-23 09:23:10,133,1645604589
2022-02-23 09:23:20,133,1645604599
2022-02-23 09:23:30,133,1645604609
2022-02-23 09:23:40,135,1645604619
2022-02-23 09:23:50,135,1645604629
2022-02-23 09:24:00,136,1645604639
2022-02-23 09:24:10,143,1645604649
2022-02-23 09:24:20,143,1645604659
2022-02-23 09:24:30,138,1645604669
2022-02-23 09:24:40,138,1645604679
2022-02-23 09:24:50,143,1645604689
2022-02-23 09:25:00,146,1645604699
2022-02-23 09:25:10,146,1645604709
2022-02-23 09:25:20,147,1645604719
2022-02-23 09:25:30,138,1645604729
2022-02-23 09:25:40,138,1645604739
2022-02-23 09:25:50,143,1645604749
2022-02-23 09:26:00,143,1645604759
2022-02-23 09:26:10,144,1645604769
2022-02-23 09:26:20,144,1645604779
2022-02-23 09:26:30,144,1645604789
2022-02-23 09:26:40,141,1645604799
2022-02-23 09:26:50,144,1645604809
2022-02-23 09:27:00,144,1645604819
2022-02-23 09:27:10,117,1645604829
2022-02-23 09:27:20,117,1645604839
2022-02-23 09:27:30,117,1645604849
2022-02-23 09:27:40,154,1645604859
2022-02-23 09:27:50,154,1645604869
2022-02-23 09:28:00,154,1645604879
2022-02-23 09:28:10,155,1645604889
2022-02-23 09:28:20,155,1645604899
2022-02-23 09:28:30,146,1645604909
2022-02-23 09:28:40,146,1645604919
2022-02-23 09:28:50,148,1645604929
2022-02-23 09:29:00,135,1645604939
2022-02-23 09:29:10,135,1645604949
2022-02-23 09:29:20,94.8,1645604959
2022-02-23 09:29:30,95.1,1645604969
2022-02-23 09:29:40,95.1,1645604979
2022-02-23 09:29:50,94.9,1645604989
2022-02-23 09:30:00,94.9,1645604999
2022-02-23 09:30:10,94.7,1645605009
2022-02-23 09:30:20,94.8,1645605019
2022-02-23 09:30:30,94.8,1645605029
2022-02-23 09:30:40,138,1645605039
2022-02-23 09:30:50,135,1645605049
2022-02-23 09:31:00,135,1645605059
2022-02-23 09:31:10,136,1645605069
2022-02-23 09:31:20,136,1645605079
2022-02-23 09:31:30,137,1645605089
2022-02-23 09:31:40,138,1645605099
2022-02-23 09:31:50,138,1645605109
2022-02-23 09:32:00,138,1645605119
2022-02-23 09:32:10,147,1645605129
2022-02-23 09:32:20,147,1645605139
2022-02-23 09:32:30,147,1645605149
2022-02-23 09:32:40,148,1645605159
2022-02-23 09:32:50,148,1645605169
2022-02-23 09:33:00,151,1645605179
2022-02-23 09:33:10,151,1645605189
2022-02-23 09:33:20,152,1645605199
2022-02-23 09:33:30,141,1645605209
2022-02-23 09:33:40,141,1645605219
2022-02-23 09:33:50,141,1645605229
2022-02-23 09:34:00,141,1645605239
2022-02-23 09:34:10,147,1645605249
2022-02-23 09:34:20,147,1645605259
2022-02-23 09:34:30,147,1645605269
2022-02-23 09:34:40,147,1645605279
2022-02-23 09:34:50,148,1645605289
2022-02-23 09:35:00,117,1645605299
2022-02-23 09:35:10,117,1645605309
2022-02-23 09:35:20,117,1645605319
2022-02-23 09:35:30,116,1645605329
2022-02-23 09:35:40,116,1645605339
2022-02-23 09:35:50,116,1645605349
2022-02-23 09:36:00,160,1645605359
2022-02-23 09:36:10,160,1645605369
2022-02-23 09:36:20,160,1645605379
2022-02-23 09:36:30,145,1645605389
2022-02-23 09:36:40,134,1645605399
2022-02-23 09:36:50,134,1645605409
2022-02-23 09:37:00,95.0,1645605419
2022-02-23 09:37:10,95.0,1645605429
2022-02-23 09:37:20,95.1,1645605439
2022-02-23 09:37:30,94.6,1645605449
2022-02-23 09:37:40,94.6,1645605459
2022-02-23 09:37:50,94.8,1645605469
2022-02-23 09:38:00,94.8,1645605479
2022-02-23 09:38:10,94.9,1645605489
2022-02-23 09:38:20,95.0,1645605499
2022-02-23 09:38:30,95.0,1645605509
2022-02-23 09:38:40,139,1645605519
2022-02-23 09:38:50,138,1645605529
2022-02-23 09:39:00,138,1645605539
2022-02-23 09:39:10,138,1645605549
2022-02-23 09:39:20,138,1645605559
2022-02-23 09:39:30,141,1645605569
2022-02-23 09:39:40,141,1645605579
2022-02-23 09:39:50,141,1645605589
2022-02-23 09:40:00,141,1645605599
2022-02-23 09:40:10,151,1645605609
2022-02-23 09:40:20,151,1645605619
2022-02-23 09:40:30,151,1645605629
2022-02-23 09:40:40,155,1645605639
2022-02-23 09:40:50,155,1645605649
2022-02-23 09:41:00,155,1645605659
2022-02-23 09:41:10,155,1645605669
2022-02-23 09:41:20,155,1645605679
2022-02-23 09:41:30,144,1645605689
2022-02-23 09:41:40,144,1645605699
2022-02-23 09:41:50,144,1645605709
2022-02-23 09:42:00,151,1645605719
2022-02-23 09:42:10,152,1645605729
2022-02-23 09:42:20,152,1645605739
2022-02-23 09:42:30,151,1645605749
2022-02-23 09:42:40,151,1645605759
2022-02-23 09:42:50,116,1645605769
2022-02-23 09:43:00,98.0,1645605779
2022-02-23 09:43:10,98.0,1645605789
2022-02-23 09:43:20,117,1645605799
2022-02-23 09:43:30,165,1645605809
2022-02-23 09:43:40,166,1645605819
2022-02-23 09:43:50,164,1645605829
2022-02-23 09:44:00,164,1645605839
2022-02-23 09:44:10,166,1645605849
2022-02-23 09:44:20,152,1645605859
2022-02-23 09:44:30,152,1645605869
2022-02-23 09:44:40,158,1645605879
2022-02-23 09:44:50,98.7,1645605889
2022-02-23 09:45:00,95.8,1645605899
2022-02-23 09:45:10,95.1,1645605909
2022-02-23 09:45:20,95.1,1645605919
2022-02-23 09:45:30,95.0,1645605929
2022-02-23 09:45:40,94.6,1645605939
2022-02-23 09:45:50,94.7,1645605949
2022-02-23 09:46:00,95.0,1645605959
2022-02-23 09:46:10,95.1,1645605969
2022-02-23 09:46:20,95.1,1645605979
2022-02-23 09:46:30,141,1645605989
2022-02-23 09:46:40,142,1645605999
2022-02-23 09:46:50,141,1645606009
2022-02-23 09:47:00,141,1645606019
2022-02-23 09:47:10,141,1645606029
2022-02-23 09:47:20,144,1645606039
2022-02-23 09:47:30,144,1645606049
2022-02-23 09:47:40,144,1645606059
2022-02-23 09:47:50,155,1645606069
2022-02-23 09:48:00,155,1645606079
2022-02-23 09:48:10,155,1645606089
2022-02-23 09:48:20,155,1645606099
2022-02-23 09:48:30,155,1645606109
2022-02-23 09:48:40,160,1645606119
2022-02-23 09:48:50,160,1645606129
2022-02-23 09:49:00,159,1645606139
2022-02-23 09:49:10,160,1645606149
2022-02-23 09:49:20,160,1645606159
2022-02-23 09:49:30,155,1645606169
2022-02-23 09:49:40,155,1645606179
2022-02-23 09:49:50,155,1645606189
2022-02-23 09:50:00,155,1645606199
2022-02-23 09:50:10,155,1645606209
2022-02-23 09:50:20,155,1645606219
2022-02-23 09:50:30,155,1645606229
2022-02-23 09:50:40,155,1645606239
2022-02-23 09:50:50,117,1645606249
2022-02-23 09:51:00,116,1645606259
2022-02-23 09:51:10,116,1645606269
2022-02-23 09:51:20,116,1645606279
2022-02-23 09:51:30,169,1645606289
2022-02-23 09:51:40,173,1645606299
2022-02-23 09:51:50,173,1645606309
2022-02-23 09:52:00,169,1645606319
2022-02-23 09:52:10,154,1645606329
2022-02-23 09:52:20,154,1645606339
2022-02-23 09:52:30,160,1645606349
2022-02-23 09:52:40,160,1645606359
2022-02-23 09:52:50,95.9,1645606369
2022-02-23 09:53:00,94.7,1645606379
2022-02-23 09:53:10,94.7,1645606389
2022-02-23 09:53:20,95.2,1645606399
2022-02-23 09:53:30,94.9,1645606409
2022-02-23 09:53:40,94.9,1645606419
2022-02-23 09:53:50,95.0,1645606429
2022-02-23 09:54:00,95.0,1645606439
2022-02-23 09:54:10,94.7,1645606449
2022-02-23 09:54:20,144,1645606459
2022-02-23 09:54:30,144,1645606469
2022-02-23 09:54:40,146,1645606479
2022-02-23 09:54:50,143,1645606489
2022-02-23 09:55:00,143,1645606499
2022-02-23 09:55:10,146,1645606509
2022-02-23 09:55:20,146,1645606519
2022-02-23 09:55:30,147,1645606529
2022-02-23 09:55:40,149,1645606539
2022-02-23 09:55:50,149,1645606549
2022-02-23 09:56:00,159,1645606559
2022-02-23 09:56:10,159,1645606569
2022-02-23 09:56:20,159,1645606579
2022-02-23 09:56:30,164,1645606589
2022-02-23 09:56:40,164,1645606599
2022-02-23 09:56:50,157,1645606609
2022-02-23 09:57:00,164,1645606619
2022-02-23 09:57:10,164,1645606629
2022-02-23 09:57:20,164,1645606639
2022-02-23 09:57:30,164,1645606649
2022-02-23 09:57:40,150,1645606659
2022-02-23 09:57:50,159,1645606669
2022-02-23 09:58:00,159,1645606679
2022-02-23 09:58:10,159,1645606689
2022-02-23 09:58:20,159,1645606699
2022-02-23 09:58:30,158,1645606709
2022-02-23 09:58:40,117,1645606719
2022-02-23 09:58:50,116,1645606729
2022-02-23 09:59:00,116,1645606739
2022-02-23 09:59:10,117,1645606749
2022-02-23 09:59:20,117,1645606759
2022-02-23 09:59:30,174,1645606769
2022-02-23 09:59:40,176,1645606779
2022-02-23 09:59:50,176,1645606789
2022-02-23 10:00:00,169,1645606799
2022-02-23 10:00:10,139,1645606809
2022-02-23 10:00:20,138,1645606819
2022-02-23 10:00:30,159,1645606829
2022-02-23 10:00:40,159,1645606839
2022-02-23 10:00:50,94.9,1645606849
2022-02-23 10:01:00,95.1,1645606859
2022-02-23 10:01:10,95.1,1645606869
2022-02-23 10:01:20,94.8,1645606879
2022-02-23 10:01:30,94.9,1645606889
2022-02-23 10:01:40,94.9,1645606899
2022-02-23 10:01:50,94.8,1645606909
2022-02-23 10:02:00,94.6,1645606919
2022-02-23 10:02:10,95.0,1645606929
2022-02-23 10:02:20,146,1645606939
2022-02-23 10:02:30,146,1645606949
2022-02-23 10:02:40,146,1645606959
2022-02-23 10:02:50,151,1645606969
2022-02-23 10:03:00,151,1645606979
2022-02-23 10:03:10,150,1645606989
2022-02-23 10:03:20,150,1645606999
2022-02-23 10:03:30,149,1645607009
2022-02-23 10:03:40,164,1645607019
2022-02-23 10:03:50,164,1645607029
2022-02-23 10:04:00,164,1645607039
2022-02-23 10:04:10,164,1645607049
2022-02-23 10:04:20,164,1645607059
2022-02-23 10:04:30,169,1645607069
2022-02-23 10:04:40,169,1645607079
2022-02-23 10:04:50,168,1645607089
2022-02-23 10:05:00,153,1645607099
2022-02-23 10:05:10,153,1645607109
2022-02-23 10:05:20,163,1645607119
2022-02-23 10:05:30,164,1645607129
2022-02-23 10:05:40,164,1645607139
2022-02-23 10:05:50,163,1645607149
2022-02-23 10:06:00,163,1645607159
2022-02-23 10:06:10,163,1645607169
2022-02-23 10:06:20,163,1645607179
2022-02-23 10:06:30,163,1645607189
2022-02-23 10:06:40,117,1645607199
2022-02-23 10:06:50,117,1645607209
2022-02-23 10:07:00,117,1645607219
2022-02-23 10:07:10,178,1645607229
2022-02-23 10:07:20,178,1645607239
2022-02-23 10:07:30,180,1645607249
2022-02-23 10:07:40,178,1645607259
2022-02-23 10:07:50,178,1645607269
2022-02-23 10:08:00,161,1645607279
2022-02-23 10:08:10,176,1645607289
2022-02-23 10:08:20,176,1645607299
2022-02-23 10:08:30,140,1645607309
2022-02-23 10:08:40,140,1645607319
2022-02-23 10:08:50,95.6,1645607329
2022-02-23 10:09:00,95.4,1645607339
2022-02-23 10:09:10,95.4,1645607349
2022-02-23 10:09:20,95.2,1645607359
2022-02-23 10:09:30,95.1,1645607369
2022-02-23 10:09:40,95.1,1645607379
2022-02-23 10:09:50,95.3,1645607389
2022-02-23 10:10:00,95.3,1645607399
2022-02-23 10:10:10,149,1645607409
2022-02-23 10:10:20,149,1645607419
2022-02-23 10:10:30,149,1645607429
2022-02-23 10:10:40,149,1645607439
2022-02-23 10:10:50,152,1645607449
2022-02-23 10:11:00,152,1645607459
2022-02-23 10:11:10,152,1645607469
2022-02-23 10:11:20,152,1645607479
2022-02-23 10:11:30,153,1645607489
2022-02-23 10:11:40,167,1645607499
2022-02-23 10:11:50,167,1645607509
2022-02-23 10:12:00,167,1645607519
2022-02-23 10:12:10,172,1645607529
2022-02-23 10:12:20,172,1645607539
2022-02-23 10:12:30,173,1645607549
2022-02-23 10:12:40,173,1645607559
2022-02-23 10:12:50,173,1645607569
2022-02-23 10:13:00,166,1645607579
2022-02-23 10:13:10,166,1645607589
2022-02-23 10:13:20,156,1645607599
2022-02-23 10:13:30,167,1645607609
2022-02-23 10:13:40,167,1645607619
2022-02-23 10:13:50,167,1645607629
2022-02-23 10:14:00,167,1645607639
2022-02-23 10:14:10,167,1645607649
2022-02-23 10:14:20,116,1645607659
2022-02-23 10:14:30,116,1645607669
2022-02-23 10:14:40,95.5,1645607679
2022-02-23 10:14:50,117,1645607689
2022-02-23 10:15:00,117,1645607699
2022-02-23 10:15:10,189,1645607709
2022-02-23 10:15:20,185,1645607719
2022-02-23 10:15:30,179,1645607729
2022-02-23 10:15:40,179,1645607739
2022-02-23 10:15:50,180,1645607749
2022-02-23 10:16:00,180,1645607759
2022-02-23 10:16:10,161,1645607769
2022-02-23 10:16:20,149,1645607779
2022-02-23 10:16:30,149,1645607789
2022-02-23 10:16:40,95.5,1645607799
2022-02-23 10:16:50,95.2,1645607809
2022-02-23 10:17:00,95.2,1645607819
2022-02-23 10:17:10,95.0,1645607829
2022-02-23 10:17:20,95.0,1645607839
2022-02-23 10:17:30,95.1,1645607849
2022-02-23 10:17:40,95.1,1645607859
2022-02-23 10:17:50,95.1,1645607869
2022-02-23 10:18:00,141,1645607879
2022-02-23 10:18:10,150,1645607889
2022-02-23 10:18:20,150,1645607899
2022-02-23 10:18:30,149,1645607909
2022-02-23 10:18:40,149,1645607919
2022-02-23 10:18:50,153,1645607929
2022-02-23 10:19:00,153,1645607939
2022-02-23 10:19:10,153,1645607949
2022-02-23 10:19:20,153,1645607959
2022-02-23 10:19:30,169,1645607969
2022-02-23 10:19:40,169,1645607979
2022-02-23 10:19:50,168,1645607989
2022-02-23 10:20:00,168,1645607999
2022-02-23 10:20:10,167,1645608009
2022-02-23 10:20:20,169,1645608019
2022-02-23 10:20:30,169,1645608029
2022-02-23 10:20:40,168,1645608039
2022-02-23 10:20:50,175,1645608049
2022-02-23 10:21:00,175,1645608059
2022-02-23 10:21:10,174,1645608069
2022-02-23 10:21:20,174,1645608079
2022-02-23 10:21:30,175,1645608089
2022-02-23 10:21:40,168,1645608099
2022-02-23 10:21:50,168,1645608109
2022-02-23 10:22:00,158,1645608119
2022-02-23 10:22:10,165,1645608129
2022-02-23 10:22:20,168,1645608139
2022-02-23 10:22:30,168,1645608149
2022-02-23 10:22:40,168,1645608159
2022-02-23 10:22:50,168,1645608169
2022-02-23 10:23:00,117,1645608179
2022-02-23 10:23:10,117,1645608189
2022-02-23 10:23:20,116,1645608199
2022-02-23 10:23:30,116,1645608209
2022-02-23 10:23:40,116,1645608219
2022-02-23 10:23:50,116,1645608229
2022-02-23 10:24:00,193,1645608239
2022-02-23 10:24:10,191,1645608249
2022-02-23 10:24:20,191,1645608259
2022-02-23 10:24:30,191,1645608269
2022-02-23 10:24:40,191,1645608279
2022-02-23 10:24:50,182,1645608289
2022-02-23 10:25:00,143,1645608299
2022-02-23 10:25:10,143,1645608309
2022-02-23 10:25:20,95.6,1645608319
2022-02-23 10:25:30,95.1,1645608329
2022-02-23 10:25:40,95.1,1645608339
2022-02-23 10:25:50,95.4,1645608349
2022-02-23 10:26:00,95.5,1645608359
2022-02-23 10:26:10,95.0,1645608369
2022-02-23 10:26:20,94.9,1645608379
2022-02-23 10:26:30,94.9,1645608389
2022-02-23 10:26:40,150,1645608399
2022-02-23 10:26:50,150,1645608409
2022-02-23 10:27:00,154,1645608419
2022-02-23 10:27:10,150,1645608429
2022-02-23 10:27:20,150,1645608439
2022-02-23 10:27:30,153,1645608449
2022-02-23 10:27:40,153,1645608459
2022-02-23 10:27:50,153,1645608469
2022-02-23 10:28:00,153,1645608479
2022-02-23 10:28:10,170,1645608489
2022-02-23 10:28:20,170,1645608499
2022-02-23 10:28:30,168,1645608509
2022-02-23 10:28:40,168,1645608519
2022-02-23 10:28:50,170,1645608529
2022-02-23 10:29:00,168,1645608539
2022-02-23 10:29:10,168,1645608549
2022-02-23 10:29:20,168,1645608559
2022-02-23 10:29:30,176,1645608569
2022-02-23 10:29:40,176,1645608579
2022-02-23 10:29:50,176,1645608589
2022-02-23 10:30:00,176,1645608599
2022-02-23 10:30:10,176,1645608609
2022-02-23 10:30:20,168,1645608619
2022-02-23 10:30:30,168,1645608629
2022-02-23 10:30:40,168,1645608639
2022-02-23 10:30:50,168,1645608649
2022-02-23 10:31:00,170,1645608659
2022-02-23 10:31:10,163,1645608669
2022-02-23 10:31:20,163,1645608679
2022-02-23 10:31:30,169,1645608689
2022-02-23 10:31:40,117,1645608699
2022-02-23 10:31:50,117,1645608709
2022-02-23 10:32:00,116,1645608719
2022-02-23 10:32:10,116,1645608729
2022-02-23 10:32:20,191,1645608739
2022-02-23 10:32:30,190,1645608749
2022-02-23 10:32:40,190,1645608759
2022-02-23 10:32:50,186,1645608769
2022-02-23 10:33:00,182,1645608779
2022-02-23 10:33:10,182,1645608789
2022-02-23 10:33:20,143,1645608799
2022-02-23 10:33:30,169,1645608809
2022-02-23 10:33:40,169,1645608819
2022-02-23 10:33:50,95.7,1645608829
2022-02-23 10:34:00,95.7,1645608839
2022-02-23 10:34:10,95.5,1645608849
2022-02-23 10:34:20,95.4,1645608859
2022-02-23 10:34:30,95.4,1645608869
2022-02-23 10:34:40,95.1,1645608879
2022-02-23 10:34:50,95.2,1645608889
2022-02-23 10:35:00,94.7,1645608899
2022-02-23 10:35:10,94.9,1645608909
2022-02-23 10:35:20,94.9,1645608919
2022-02-23 10:35:30,152,1645608929
2022-02-23 10:35:40,151,1645608939
2022-02-23 10:35:50,151,1645608949
2022-02-23 10:36:00,153,1645608959
2022-02-23 10:36:10,153,1645608969
2022-02-23 10:36:20,153,1645608979
2022-02-23 10:36:30,153,1645608989
2022-02-23 10:36:40,153,1645608999
2022-02-23 10:36:50,170,1645609009
2022-02-23 10:37:00,168,1645609019
2022-02-23 10:37:10,168,1645609029
2022-02-23 10:37:20,161,1645609039
2022-02-23 10:37:30,161,1645609049
2022-02-23 10:37:40,161,1645609059
2022-02-23 10:37:50,168,1645609069
2022-02-23 10:38:00,168,1645609079
2022-02-23 10:38:10,178,1645609089
2022-02-23 10:38:20,171,1645609099
2022-02-23 10:38:30,171,1645609109
2022-02-23 10:38:40,177,1645609119
2022-02-23 10:38:50,177,1645609129
2022-02-23 10:39:00,169,1645609139
2022-02-23 10:39:10,161,1645609149
2022-02-23 10:39:20,161,1645609159
2022-02-23 10:39:30,169,1645609169
2022-02-23 10:39:40,170,1645609179
2022-02-23 10:39:50,170,1645609189
2022-02-23 10:40:00,171,1645609199
2022-02-23 10:40:10,116,1645609209
2022-02-23 10:40:20,116,1645609219
2022-02-23 10:40:30,116,1645609229
2022-02-23 10:40:40,116,1645609239
2022-02-23 10:40:50,117,1645609249
2022-02-23 10:41:00,193,1645609259
2022-02-23 10:41:10,193,1645609269
2022-02-23 10:41:20,188,1645609279
2022-02-23 10:41:30,162,1645609289
2022-02-23 10:41:40,162,1645609299
2022-02-23 10:41:50,169,1645609309
2022-02-23 10:42:00,169,1645609319
2022-02-23 10:42:10,166,1645609329
2022-02-23 10:42:20,95.4,1645609339
2022-02-23 10:42:30,95.4,1645609349
2022-02-23 10:42:40,95.5,1645609359
2022-02-23 10:42:50,95.5,1645609369
2022-02-23 10:43:00,95.5,1645609379
2022-02-23 10:43:10,95.5,1645609389
2022-02-23 10:43:20,95.5,1645609399
2022-02-23 10:43:30,95.5,1645609409
2022-02-23 10:43:40,94.7,1645609419
2022-02-23 10:43:50,157,1645609429
2022-02-23 10:44:00,157,1645609439
2022-02-23 10:44:10,154,1645609449
2022-02-23 10:44:20,151,1645609459
2022-02-23 10:44:30,151,1645609469
2022-02-23 10:44:40,153,1645609479
2022-02-23 10:44:50,154,1645609489
2022-02-23 10:45:00,154,1645609499
2022-02-23 10:45:10,153,1645609509
2022-02-23 10:45:20,153,1645609519
2022-02-23 10:45:30,171,1645609529
2022-02-23 10:45:40,167,1645609539
2022-02-23 10:45:50,167,1645609549
2022-02-23 10:46:00,171,1645609559
2022-02-23 10:46:10,172,1645609569
2022-02-23 10:46:20,172,1645609579
2022-02-23 10:46:30,168,1645609589
2022-02-23 10:46:40,168,1645609599
2022-02-23 10:46:50,179,1645609609
2022-02-23 10:47:00,177,1645609619
2022-02-23 10:47:10,177,1645609629
2022-02-23 10:47:20,178,1645609639
2022-02-23 10:47:30,170,1645609649
2022-02-23 10:47:40,170,1645609659
2022-02-23 10:47:50,169,1645609669
2022-02-23 10:48:00,169,1645609679
2022-02-23 10:48:10,171,1645609689
2022-02-23 10:48:20,170,1645609699
2022-02-23 10:48:30,170,1645609709
2022-02-23 10:48:40,171,1645609719
2022-02-23 10:48:50,117,1645609729
2022-02-23 10:49:00,117,1645609739
2022-02-23 10:49:10,116,1645609749
2022-02-23 10:49:20,116,1645609759
2022-02-23 10:49:30,117,1645609769
2022-02-23 10:49:40,198,1645609779
2022-02-23 10:49:50,198,1645609789
2022-02-23 10:50:00,196,1645609799
2022-02-23 10:50:10,181,1645609809
2022-02-23 10:50:20,181,1645609819
2022-02-23 10:50:30,143,1645609829
2022-02-23 10:50:40,143,1645609839
2022-02-23 10:50:50,168,1645609849
2022-02-23 10:51:00,96.0,1645609859
2022-02-23 10:51:10,96.0,1645609869
2022-02-23 10:51:20,95.3,1645609879
2022-02-23 10:51:30,95.3,1645609889
2022-02-23 10:51:40,95.3,1645609899
2022-02-23 10:51:50,94.7,1645609909
2022-02-23 10:52:00,94.7,1645609919
2022-02-23 10:52:10,95.4,1645609929
2022-02-23 10:52:20,94.9,1645609939
2022-02-23 10:52:30,94.9,1645609949
2022-02-23 10:52:40,153,1645609959
2022-02-23 10:52:50,151,1645609969
2022-02-23 10:53:00,152,1645609979
2022-02-23 10:53:10,154,1645609989
2022-02-23 10:53:20,154,1645609999
2022-02-23 10:53:30,154,1645610009
2022-02-23 10:53:40,154,1645610019
2022-02-23 10:53:50,154,1645610029
2022-02-23 10:54:00,172,1645610039
2022-02-23 10:54:10,168,1645610049
2022-02-23 10:54:20,168,1645610059
2022-02-23 10:54:30,168,1645610069
2022-02-23 10:54:40,168,1645610079
2022-02-23 10:54:50,172,1645610089
2022-02-23 10:55:00,167,1645610099
2022-02-23 10:55:10,167,1645610109
2022-02-23 10:55:20,178,1645610119
2022-02-23 10:55:30,178,1645610129
2022-02-23 10:55:40,178,1645610139
2022-02-23 10:55:50,179,1645610149
2022-02-23 10:56:00,179,1645610159
2022-02-23 10:56:10,170,1645610169
2022-02-23 10:56:20,164,1645610179
2022-02-23 10:56:30,164,1645610189
2022-02-23 10:56:40,170,1645610199
2022-02-23 10:56:50,172,1645610209
2022-02-23 10:57:00,172,1645610219
2022-02-23 10:57:10,172,1645610229
2022-02-23 10:57:20,172,1645610239
2022-02-23 10:57:30,117,1645610249
2022-02-23 10:57:40,117,1645610259
2022-02-23 10:57:50,117,1645610269
2022-02-23 10:58:00,117,1645610279
2022-02-23 10:58:10,117,1645610289
2022-02-23 10:58:20,117,1645610299
2022-02-23 10:58:30,117,1645610309
2022-02-23 10:58:40,117,1645610319
2022-02-23 10:58:50,117,1645610329
2022-02-23 10:59:00,165,1645610339
2022-02-23 10:59:10,146,1645610349
2022-02-23 10:59:20,146,1645610359
2022-02-23 10:59:30,169,1645610369
2022-02-23 10:59:40,95.5,1645610379
2022-02-23 10:59:50,95.5,1645610389
2022-02-23 11:00:00,95.5,1645610399
2022-02-23 11:00:10,94.9,1645610409
2022-02-23 11:00:20,94.9,1645610419
2022-02-23 11:00:30,95.2,1645610429
2022-02-23 11:00:40,95.2,1645610439
2022-02-23 11:00:50,94.8,1645610449
2022-02-23 11:01:00,94.7,1645610459
2022-02-23 11:01:10,94.7,1645610469
2022-02-23 11:01:20,154,1645610479
2022-02-23 11:01:30,153,1645610489
2022-02-23 11:01:40,153,1645610499
2022-02-23 11:01:50,154,1645610509
2022-02-23 11:02:00,154,1645610519
2022-02-23 11:02:10,154,1645610529
2022-02-23 11:02:20,154,1645610539
2022-02-23 11:02:30,154,1645610549
2022-02-23 11:02:40,173,1645610559
2022-02-23 11:02:50,168,1645610569
2022-02-23 11:03:00,168,1645610579
2022-02-23 11:03:10,159,1645610589
2022-02-23 11:03:20,159,1645610599
2022-02-23 11:03:30,173,1645610609
2022-02-23 11:03:40,173,1645610619
2022-02-23 11:03:50,173,1645610629
2022-02-23 11:04:00,173,1645610639
2022-02-23 11:04:10,180,1645610649
2022-02-23 11:04:20,179,1645610659
2022-02-23 11:04:30,179,1645610669
2022-02-23 11:04:40,179,1645610679
2022-02-23 11:04:50,171,1645610689
2022-02-23 11:05:00,171,1645610699
2022-02-23 11:05:10,171,1645610709
2022-02-23 11:05:20,171,1645610719
2022-02-23 11:05:30,172,1645610729
2022-02-23 11:05:40,172,1645610739
2022-02-23 11:05:50,172,1645610749
2022-02-23 11:06:00,172,1645610759
2022-02-23 11:06:10,117,1645610769
2022-02-23 11:06:20,117,1645610779
2022-02-23 11:06:30,117,1645610789
2022-02-23 11:06:40,117,1645610799
2022-02-23 11:06:50,195,1645610809
2022-02-23 11:07:00,200,1645610819
2022-02-23 11:07:10,200,1645610829
2022-02-23 11:07:20,195,1645610839
2022-02-23 11:07:30,195,1645610849
2022-02-23 11:07:40,166,1645610859
2022-02-23 11:07:50,182,1645610869
2022-02-23 11:08:00,182,1645610879
2022-02-23 11:08:10,145,1645610889
2022-02-23 11:08:20,95.8,1645610899
2022-02-23 11:08:30,95.8,1645610909
2022-02-23 11:08:40,95.3,1645610919
2022-02-23 11:08:50,95.3,1645610929
2022-02-23 11:09:00,95.5,1645610939
2022-02-23 11:09:10,95.0,1645610949
2022-02-23 11:09:20,95.0,1645610959
2022-02-23 11:09:30,95.0,1645610969
2022-02-23 11:09:40,153,1645610979
2022-02-23 11:09:50,153,1645610989
2022-02-23 11:10:00,154,1645610999
2022-02-23 11:10:10,153,1645611009
2022-02-23 11:10:20,153,1645611019
2022-02-23 11:10:30,154,1645611029
2022-02-23 11:10:40,154,1645611039
2022-02-23 11:10:50,154,1645611049
2022-02-23 11:11:00,154,1645611059
2022-02-23 11:11:10,154,1645611069
2022-02-23 11:11:20,174,1645611079
2022-02-23 11:11:30,167,1645611089
2022-02-23 11:11:40,167,1645611099
2022-02-23 11:11:50,173,1645611109
2022-02-23 11:12:00,173,1645611119
2022-02-23 11:12:10,174,1645611129
2022-02-23 11:12:20,168,1645611139
2022-02-23 11:12:30,168,1645611149
2022-02-23 11:12:40,180,1645611159
2022-02-23 11:12:50,180,1645611169
2022-02-23 11:13:00,180,1645611179
2022-02-23 11:13:10,181,1645611189
2022-02-23 11:13:20,181,1645611199
2022-02-23 11:13:30,171,1645611209
2022-02-23 11:13:40,170,1645611219
2022-02-23 11:13:50,170,1645611229
2022-02-23 11:14:00,172,1645611239
2022-02-23 11:14:10,174,1645611249
2022-02-23 11:14:20,174,1645611259
2022-02-23 11:14:30,173,1645611269
2022-02-23 11:14:40,173,1645611279
2022-02-23 11:14:50,117,1645611289
2022-02-23 11:15:00,116,1645611299
2022-02-23 11:15:10,116,1645611309
2022-02-23 11:15:20,117,1645611319
2022-02-23 11:15:30,197,1645611329
2022-02-23 11:15:40,201,1645611339
2022-02-23 11:15:50,192,1645611349
2022-02-23 11:16:00,192,1645611359
2022-02-23 11:16:10,181,1645611369
2022-02-23 11:16:20,145,1645611379
2022-02-23 11:16:30,145,1645611389
2022-02-23 11:16:40,169,1645611399
2022-02-23 11:16:50,95.6,1645611409
2022-02-23 11:17:00,95.6,1645611419
2022-02-23 11:17:10,95.3,1645611429
2022-02-23 11:17:20,95.3,1645611439
2022-02-23 11:17:30,94.8,1645611449
2022-02-23 11:17:40,94.8,1645611459
2022-02-23 11:17:50,94.8,1645611469
2022-02-23 11:18:00,94.5,1645611479
2022-02-23 11:18:10,94.8,1645611489
2022-02-23 11:18:20,94.8,1645611499
2022-02-23 11:18:30,155,1645611509
2022-02-23 11:18:40,155,1645611519
2022-02-23 11:18:50,154,1645611529
2022-02-23 11:19:00,154,1645611539
2022-02-23 11:19:10,154,1645611549
2022-02-23 11:19:20,154,1645611559
2022-02-23 11:19:30,154,1645611569
2022-02-23 11:19:40,154,1645611579
2022-02-23 11:19:50,174,1645611589
2022-02-23 11:20:00,174,1645611599
2022-02-23 11:20:10,167,1645611609
2022-02-23 11:20:20,167,1645611619
2022-02-23 11:20:30,167,1645611629
2022-02-23 11:20:40,175,1645611639
2022-02-23 11:20:50,168,1645611649
2022-02-23 11:21:00,168,1645611659
2022-02-23 11:21:10,181,1645611669
2022-02-23 11:21:20,181,1645611679
2022-02-23 11:21:30,181,1645611689
2022-02-23 11:21:40,181,1645611699
2022-02-23 11:21:50,181,1645611709
2022-02-23 11:22:00,169,1645611719
2022-02-23 11:22:10,169,1645611729
2022-02-23 11:22:20,169,1645611739
2022-02-23 11:22:30,172,1645611749
2022-02-23 11:22:40,172,1645611759
2022-02-23 11:22:50,174,1645611769
2022-02-23 11:23:00,174,1645611779
2022-02-23 11:23:10,174,1645611789
2022-02-23 11:23:20,117,1645611799
2022-02-23 11:23:30,117,1645611809
2022-02-23 11:23:40,117,1645611819
2022-02-23 11:23:50,117,1645611829
2022-02-23 11:24:00,117,1645611839
2022-02-23 11:24:10,194,1645611849
2022-02-23 11:24:20,195,1645611859
2022-02-23 11:24:30,195,1645611869
2022-02-23 11:24:40,175,1645611879
2022-02-23 11:24:50,168,1645611889
2022-02-23 11:25:00,170,1645611899
2022-02-23 11:25:10,179,1645611909
2022-02-23 11:25:20,179,1645611919
2022-02-23 11:25:30,96.1,1645611929
2022-02-23 11:25:40,95.6,1645611939
2022-02-23 11:25:50,95.6,1645611949
2022-02-23 11:26:00,94.9,1645611959
2022-02-23 11:26:10,94.9,1645611969
2022-02-23 11:26:20,95.0,1645611979
2022-02-23 11:26:30,94.9,1645611989
2022-02-23 11:26:40,94.9,1645611999
2022-02-23 11:26:50,94.8,1645612009
2022-02-23 11:27:00,156,1645612019
2022-02-23 11:27:10,156,1645612029
2022-02-23 11:27:20,160,1645612039
2022-02-23 11:27:30,160,1645612049
2022-02-23 11:27:40,154,1645612059
2022-02-23 11:27:50,154,1645612069
2022-02-23 11:28:00,154,1645612079
2022-02-23 11:28:10,155,1645612089
2022-02-23 11:28:20,155,1645612099
2022-02-23 11:28:30,175,1645612109
2022-02-23 11:28:40,175,1645612119
2022-02-23 11:28:50,167,1645612129
2022-02-23 11:29:00,168,1645612139
2022-02-23 11:29:10,168,1645612149
2022-02-23 11:29:20,175,1645612159
2022-02-23 11:29:30,168,1645612169
2022-02-23 11:29:40,168,1645612179
2022-02-23 11:29:50,183,1645612189
2022-02-23 11:30:00,183,1645612199
2022-02-23 11:30:10,183,1645612209
2022-02-23 11:30:20,182,1645612219
2022-02-23 11:30:30,182,1645612229
2022-02-23 11:30:40,172,1645612239
2022-02-23 11:30:50,171,1645612249
2022-02-23 11:31:00,171,1645612259
2022-02-23 11:31:10,172,1645612269
2022-02-23 11:31:20,172,1645612279
2022-02-23 11:31:30,175,1645612289
2022-02-23 11:31:40,175,1645612299
2022-02-23 11:31:50,174,1645612309
2022-02-23 11:32:00,116,1645612319
2022-02-23 11:32:10,96.9,1645612329
2022-02-23 11:32:20,96.9,1645612339
2022-02-23 11:32:30,117,1645612349
2022-02-23 11:32:40,117,1645612359
2022-02-23 11:32:50,203,1645612369
2022-02-23 11:33:00,199,1645612379
2022-02-23 11:33:10,199,1645612389
2022-02-23 11:33:20,202,1645612399
2022-02-23 11:33:30,171,1645612409
2022-02-23 11:33:40,171,1645612419
2022-02-23 11:33:50,167,1645612429
2022-02-23 11:34:00,167,1645612439
2022-02-23 11:34:10,95.6,1645612449
2022-02-23 11:34:20,95.6,1645612459
2022-02-23 11:34:30,95.6,1645612469
2022-02-23 11:34:40,95.1,1645612479
2022-02-23 11:34:50,95.1,1645612489
2022-02-23 11:35:00,95.1,1645612499
2022-02-23 11:35:10,94.5,1645612509
2022-02-23 11:35:20,94.5,1645612519
2022-02-23 11:35:30,94.8,1645612529
2022-02-23 11:35:40,157,1645612539
2022-02-23 11:35:50,157,1645612549
2022-02-23 11:36:00,156,1645612559
2022-02-23 11:36:10,156,1645612569
2022-02-23 11:36:20,156,1645612579
2022-02-23 11:36:30,154,1645612589
2022-02-23 11:36:40,154,1645612599
2022-02-23 11:36:50,154,1645612609
2022-02-23 11:37:00,175,1645612619
2022-02-23 11:37:10,175,1645612629
2022-02-23 11:37:20,177,1645612639
2022-02-23 11:37:30,177,1645612649
2022-02-23 11:37:40,167,1645612659
2022-02-23 11:37:50,176,1645612669
2022-02-23 11:38:00,176,1645612679
2022-02-23 11:38:10,168,1645612689
2022-02-23 11:38:20,168,1645612699
2022-02-23 11:38:30,168,1645612709
2022-02-23 11:38:40,184,1645612719
2022-02-23 11:38:50,183,1645612729
2022-02-23 11:39:00,183,1645612739
2022-02-23 11:39:10,172,1645612749
2022-02-23 11:39:20,172,1645612759
2022-02-23 11:39:30,174,1645612769
2022-02-23 11:39:40,173,1645612779
2022-02-23 11:39:50,173,1645612789
2022-02-23 11:40:00,176,1645612799
2022-02-23 11:40:10,176,1645612809
2022-02-23 11:40:20,175,1645612819
2022-02-23 11:40:30,175,1645612829
2022-02-23 11:40:40,175,1645612839
2022-02-23 11:40:50,117,1645612849
2022-02-23 11:41:00,117,1645612859
2022-02-23 11:41:10,117,1645612869
2022-02-23 11:41:20,198,1645612879
2022-02-23 11:41:30,201,1645612889
2022-02-23 11:41:40,201,1645612899
2022-02-23 11:41:50,203,1645612909
2022-02-23 11:42:00,203,1645612919
2022-02-23 11:42:10,166,1645612929
2022-02-23 11:42:20,180,1645612939
2022-02-23 11:42:30,182,1645612949
2022-02-23 11:42:40,146,1645612959
2022-02-23 11:42:50,95.3,1645612969
2022-02-23 11:43:00,95.6,1645612979
2022-02-23 11:43:10,95.0,1645612989
2022-02-23 11:43:20,95.4,1645612999
2022-02-23 11:43:30,95.6,1645613009
2022-02-23 11:43:40,94.9,1645613019
2022-02-23 11:43:50,94.9,1645613029
2022-02-23 11:44:00,94.8,1645613039
2022-02-23 11:44:10,156,1645613049
2022-02-23 11:44:20,156,1645613059
2022-02-23 11:44:30,157,1645613069
2022-02-23 11:44:40,157,1645613079
2022-02-23 11:44:50,156,1645613089
2022-02-23 11:45:00,154,1645613099
2022-02-23 11:45:10,155,1645613109
2022-02-23 11:45:20,155,1645613119
2022-02-23 11:45:30,155,1645613129
2022-02-23 11:45:40,155,1645613139
2022-02-23 11:45:50,177,1645613149
2022-02-23 11:46:00,177,1645613159
2022-02-23 11:46:10,168,1645613169
2022-02-23 11:46:20,176,1645613179
2022-02-23 11:46:30,176,1645613189
2022-02-23 11:46:40,177,1645613199
2022-02-23 11:46:50,168,1645613209
2022-02-23 11:47:00,168,1645613219
2022-02-23 11:47:10,185,1645613229
2022-02-23 11:47:20,185,1645613239
2022-02-23 11:47:30,185,1645613249
2022-02-23 11:47:40,186,1645613259
2022-02-23 11:47:50,186,1645613269
2022-02-23 11:48:00,174,1645613279
2022-02-23 11:48:10,174,1645613289
2022-02-23 11:48:20,174,1645613299
2022-02-23 11:48:30,176,1645613309
2022-02-23 11:48:40,176,1645613319
2022-02-23 11:48:50,176,1645613329
2022-02-23 11:49:00,177,1645613339
2022-02-23 11:49:10,177,1645613349
2022-02-23 11:49:20,117,1645613359
2022-02-23 11:49:30,117,1645613369
2022-02-23 11:49:40,117,1645613379
2022-02-23 11:49:50,117,1645613389
2022-02-23 11:50:00,117,1645613399
2022-02-23 11:50:10,203,1645613409
2022-02-23 11:50:20,205,1645613419
2022-02-23 11:50:30,199,1645613429
2022-02-23 11:50:40,183,1645613439
2022-02-23 11:50:50,147,1645613449
2022-02-23 11:51:00,147,1645613459
2022-02-23 11:51:10,170,1645613469
2022-02-23 11:51:20,170,1645613479
2022-02-23 11:51:30,95.3,1645613489
2022-02-23 11:51:40,95.3,1645613499
2022-02-23 11:51:50,95.5,1645613509
2022-02-23 11:52:00,95.4,1645613519
2022-02-23 11:52:10,95.4,1645613529
2022-02-23 11:52:20,95.4,1645613539
2022-02-23 11:52:30,94.9,1645613549
2022-02-23 11:52:40,94.8,1645613559
2022-02-23 11:52:50,94.8,1645613569
2022-02-23 11:53:00,157,1645613579
2022-02-23 11:53:10,157,1645613589
2022-02-23 11:53:20,157,1645613599
2022-02-23 11:53:30,156,1645613609
2022-02-23 11:53:40,155,1645613619
2022-02-23 11:53:50,155,1645613629
2022-02-23 11:54:00,155,1645613639
2022-02-23 11:54:10,155,1645613649
2022-02-23 11:54:20,155,1645613659
2022-02-23 11:54:30,178,1645613669
2022-02-23 11:54:40,178,1645613679
2022-02-23 11:54:50,167,1645613689
2022-02-23 11:55:00,177,1645613699
2022-02-23 11:55:10,177,1645613709
2022-02-23 11:55:20,179,1645613719
2022-02-23 11:55:30,168,1645613729
2022-02-23 11:55:40,168,1645613739
2022-02-23 11:55:50,186,1645613749
2022-02-23 11:56:00,186,1645613759
2022-02-23 11:56:10,186,1645613769
2022-02-23 11:56:20,186,1645613779
2022-02-23 11:56:30,186,1645613789
2022-02-23 11:56:40,175,1645613799
2022-02-23 11:56:50,174,1645613809
2022-02-23 11:57:00,174,1645613819
2022-02-23 11:57:10,177,1645613829
2022-02-23 11:57:20,177,1645613839
2022-02-23 11:57:30,174,1645613849
2022-02-23 11:57:40,176,1645613859
2022-02-23 11:57:50,176,1645613869
2022-02-23 11:58:00,117,1645613879
2022-02-23 11:58:10,117,1645613889
2022-02-23 11:58:20,116,1645613899
2022-02-23 11:58:30,95.4,1645613909
2022-02-23 11:58:40,95.4,1645613919
2022-02-23 11:58:50,204,1645613929
2022-02-23 11:59:00,202,1645613939
2022-02-23 11:59:10,202,1645613949
2022-02-23 11:59:20,183,1645613959
2022-02-23 11:59:30,147,1645613969
2022-02-23 11:59:40,147,1645613979
2022-02-23 11:59:50,171,1645613989
2022-02-23 12:00:00,171,1645613999
2022-02-23 12:00:10,95.7,1645614009
2022-02-23 12:00:20,95.4,1645614019
2022-02-23 12:00:30,95.3,1645614029
2022-02-23 12:00:40,94.9,1645614039
2022-02-23 12:00:50,94.7,1645614049
2022-02-23 12:01:00,94.7,1645614059
2022-02-23 12:01:10,95.1,1645614069
2022-02-23 12:01:20,95.1,1645614079
2022-02-23 12:01:30,94.7,1645614089
2022-02-23 12:01:40,159,1645614099
2022-02-23 12:01:50,159,1645614109
2022-02-23 12:02:00,158,1645614119
2022-02-23 12:02:10,155,1645614129
2022-02-23 12:02:20,155,1645614139
2022-02-23 12:02:30,155,1645614149
2022-02-23 12:02:40,155,1645614159
2022-02-23 12:02:50,155,1645614169
2022-02-23 12:03:00,178,1645614179
2022-02-23 12:03:10,178,1645614189
2022-02-23 12:03:20,167,1645614199
2022-02-23 12:03:30,167,1645614209
2022-02-23 12:03:40,167,1645614219
2022-02-23 12:03:50,167,1645614229
2022-02-23 12:04:00,167,1645614239
2022-02-23 12:04:10,167,1645614249
2022-02-23 12:04:20,167,1645614259
2022-02-23 12:04:30,187,1645614269
2022-02-23 12:04:40,187,1645614279
2022-02-23 12:04:50,187,1645614289
2022-02-23 12:05:00,160,1645614299
2022-02-23 12:05:10,160,1645614309
2022-02-23 12:05:20,175,1645614319
2022-02-23 12:05:30,175,1645614329
2022-02-23 12:05:40,175,1645614339
2022-02-23 12:05:50,178,1645614349
2022-02-23 12:06:00,178,1645614359
2022-02-23 12:06:10,158,1645614369
2022-02-23 12:06:20,177,1645614379
2022-02-23 12:06:30,177,1645614389
2022-02-23 12:06:40,118,1645614399
2022-02-23 12:06:50,116,1645614409
2022-02-23 12:07:00,116,1645614419
2022-02-23 12:07:10,200,1645614429
2022-02-23 12:07:20,200,1645614439
2022-02-23 12:07:30,205,1645614449
2022-02-23 12:07:40,205,1645614459
2022-02-23 12:07:50,205,1645614469
2022-02-23 12:08:00,185,1645614479
2022-02-23 12:08:10,185,1645614489
2022-02-23 12:08:20,147,1645614499
2022-02-23 12:08:30,171,1645614509
2022-02-23 12:08:40,171,1645614519
2022-02-23 12:08:50,95.3,1645614529
2022-02-23 12:09:00,95.3,1645614539
2022-02-23 12:09:10,99.0,1645614549
2022-02-23 12:09:20,99.0,1645614559
2022-02-23 12:09:30,95.2,1645614569
2022-02-23 12:09:40,95.0,1645614579
2022-02-23 12:09:50,95.0,1645614589
2022-02-23 12:10:00,94.9,1645614599
2022-02-23 12:10:10,159,1645614609
2022-02-23 12:10:20,159,1645614619
2022-02-23 12:10:30,160,1645614629
2022-02-23 12:10:40,160,1645614639
2022-02-23 12:10:50,158,1645614649
2022-02-23 12:11:00,155,1645614659
2022-02-23 12:11:10,155,1645614669
2022-02-23 12:11:20,155,1645614679
2022-02-23 12:11:30,155,1645614689
2022-02-23 12:11:40,178,1645614699
2022-02-23 12:11:50,179,1645614709
2022-02-23 12:12:00,179,1645614719
2022-02-23 12:12:10,167,1645614729
2022-02-23 12:12:20,179,1645614739
2022-02-23 12:12:30,179,1645614749
2022-02-23 12:12:40,168,1645614759
2022-02-23 12:12:50,168,1645614769
2022-02-23 12:13:00,168,1645614779
2022-02-23 12:13:10,189,1645614789
2022-02-23 12:13:20,189,1645614799
2022-02-23 12:13:30,189,1645614809
2022-02-23 12:13:40,181,1645614819
2022-02-23 12:13:50,181,1645614829
2022-02-23 12:14:00,176,1645614839
2022-02-23 12:14:10,176,1645614849
2022-02-23 12:14:20,176,1645614859
2022-02-23 12:14:30,180,1645614869
2022-02-23 12:14:40,180,1645614879
2022-02-23 12:14:50,178,1645614889
2022-02-23 12:15:00,178,1645614899
2022-02-23 12:15:10,178,1645614909
2022-02-23 12:15:20,118,1645614919
2022-02-23 12:15:30,116,1645614929
2022-02-23 12:15:40,116,1645614939
2022-02-23 12:15:50,200,1645614949
2022-02-23 12:16:00,200,1645614959
2022-02-23 12:16:10,210,1645614969
2022-02-23 12:16:20,206,1645614979
2022-02-23 12:16:30,206,1645614989
2022-02-23 12:16:40,171,1645614999
2022-02-23 12:16:50,171,1645615009
2022-02-23 12:17:00,171,1645615019
2022-02-23 12:17:10,171,1645615029
2022-02-23 12:17:20,171,1645615039
2022-02-23 12:17:30,95.1,1645615049
2022-02-23 12:17:40,95.0,1645615059
2022-02-23 12:17:50,95.0,1645615069
2022-02-23 12:18:00,95.3,1645615079
2022-02-23 12:18:10,95.3,1645615089
2022-02-23 12:18:20,95.0,1645615099
2022-02-23 12:18:30,94.9,1645615109
2022-02-23 12:18:40,94.9,1645615119
2022-02-23 12:18:50,94.8,1645615129
2022-02-23 12:19:00,94.4,1645615139
2022-02-23 12:19:10,94.4,1645615149
2022-02-23 12:19:20,94.9,1645615159
2022-02-23 12:19:30,94.9,1645615169
2022-02-23 12:19:40,94.7,1645615179
2022-02-23 12:19:50,94.3,1645615189
2022-02-23 12:20:00,94.3,1645615199
2022-02-23 12:20:10,94.4,1645615209

